Name,Salary,salcat
Shohei Ohtani,70000000.0,>50M
Juan Soto,51000000.0,>50M
Zack Wheeler,42000000.0,40 - 50M
Alex Bregman,40000000.0,40 - 50M
Aaron Judge,40000000.0,40 - 50M
Jacob deGrom,37000000.0,30 - 40M
Blake Snell,36400000.0,30 - 40M
Gerrit Cole,36000000.0,30 - 40M
Mike Trout,35541667.0,30 - 40M
Corbin Burnes,35000000.0,30 - 40M
Anthony Rendon,35000000.0,30 - 40M
Francisco Lindor,34100000.0,30 - 40M
Carlos Correa,33333333.0,30 - 40M
Nolan Arenado,32500000.0,30 - 40M
Corey Seager,32500000.0,30 - 40M
Manny Machado,31818182.0,30 - 40M
Rafael Devers,31350000.0,30 - 40M
Mookie Betts,30416667.0,30 - 40M
Vladimir Guerrero Jr.,28500000.0,20 - 30M
Tyler Glasnow,27312500.0,20 - 30M
Trea Turner,27272727.0,20 - 30M
Max Fried,27250000.0,20 - 30M
Yoshinobu Yamamoto,27083333.0,20 - 30M
Pete Alonso,27000000.0,20 - 30M
Freddie Freeman,27000000.0,20 - 30M
Carlos Rodon,27000000.0,20 - 30M
Christian Yelich,26928571.0,20 - 30M
Cody Bellinger,26666667.0,20 - 30M
Bobby Witt Jr.,26252525.0,20 - 30M
Willy Adames,26000000.0,20 - 30M
Kris Bryant,26000000.0,20 - 30M
Xander Bogaerts,25454545.0,20 - 30M
Bryce Harper,25384615.0,20 - 30M
Dansby Swanson,25285714.0,20 - 30M
Matt Chapman,25166667.0,20 - 30M
Jose Altuve,25000000.0,20 - 30M
Nathan Eovaldi,25000000.0,20 - 30M
Sonny Gray,25000000.0,20 - 30M
Sean Manaea,25000000.0,20 - 30M
Jordan Montgomery,25000000.0,20 - 30M
Marcus Semien,25000000.0,20 - 30M
George Springer,25000000.0,20 - 30M
Giancarlo Stanton,25000000.0,20 - 30M
Aaron Nola,24571429.0,20 - 30M
Fernando Tatis Jr.,24285714.0,20 - 30M
Javier Báez,23333333.0,20 - 30M
Trevor Story,23333333.0,20 - 30M
J.T. Realmuto,23100000.0,20 - 30M
Robbie Ray,23000000.0,20 - 30M
Luis Severino,22333333.0,20 - 30M
Kevin Gausman,22000000.0,20 - 30M
Teoscar Hernandez,22000000.0,20 - 30M
Luis Castillo,21600000.0,20 - 30M
Yusei Kikuchi,21225000.0,20 - 30M
Austin Riley,21200000.0,20 - 30M
Nick Martinez,21050000.0,20 - 30M
Chris Bassitt,21000000.0,20 - 30M
Matt Olson,21000000.0,20 - 30M
Salvador Perez,20500000.0,20 - 30M
Edwin Diaz,20400000.0,20 - 30M
Ian Happ,20333333.0,20 - 30M
Brandon Nimmo,20250000.0,20 - 30M
José Ramírez,20142857.0,20 - 30M
Nick Castellanos,20000000.0,20 - 30M
Joe Musgrove,20000000.0,20 - 30M
Eduardo Rodriguez,20000000.0,20 - 30M
Christian Walker,20000000.0,20 - 30M
Kyle Schwarber,19750000.0,10 - 20M
Starling Marte,19500000.0,10 - 20M
Ketel Marte,19416667.0,10 - 20M
Lucas Giolito,19250000.0,10 - 20M
Yordan Alvarez,19166667.0,10 - 20M
Josh Hader,19000000.0,10 - 20M
Chris Sale,19000000.0,10 - 20M
Jung Hoo Lee,18833333.0,10 - 20M
José Berríos,18714286.0,10 - 20M
Miles Mikolas,18583333.0,10 - 20M
Joc Pederson,18500000.0,10 - 20M
Anthony Santander,18500000.0,10 - 20M
Pablo López,18375000.0,10 - 20M
Yu Darvish,18000000.0,10 - 20M
Tanner Scott,18000000.0,10 - 20M
Framber Valdez,18000000.0,10 - 20M
Taijuan Walker,18000000.0,10 - 20M
Logan Webb,18000000.0,10 - 20M
Masataka Yoshida,18000000.0,10 - 20M
Willson Contreras,17500000.0,10 - 20M
Jack Flaherty,17500000.0,10 - 20M
Cal Raleigh,17500000.0,10 - 20M
Julio Rodriguez,17441667.0,10 - 20M
Michael Conforto,17000000.0,10 - 20M
Rhys Hoskins,17000000.0,10 - 20M
Lance McCullers,17000000.0,10 - 20M
Frankie Montas,17000000.0,10 - 20M
Seiya Suzuki,17000000.0,10 - 20M
Jameson Taillon,17000000.0,10 - 20M
Michael Wacha,17000000.0,10 - 20M
Wander Franco,16545455.0,10 - 20M
Tyler O'Neill,16500000.0,10 - 20M
Kyle Tucker,16500000.0,10 - 20M
Marcell Ozuna,16250000.0,10 - 20M
David Robertson,15942857.0,10 - 20M
Max Scherzer,15500000.0,10 - 20M
Mitch Keller,15400000.0,10 - 20M
Andres Gimenez,15214286.0,10 - 20M
Andrew Benintendi,15000000.0,10 - 20M
Alex Cobb,15000000.0,10 - 20M
Seth Lugo,15000000.0,10 - 20M
Kodai Senga,15000000.0,10 - 20M
Gleyber Torres,15000000.0,10 - 20M
Justin Verlander,15000000.0,10 - 20M
Tommy Edman,14800000.0,10 - 20M
Matthew Boyd,14500000.0,10 - 20M
Raisel Iglesias,14500000.0,10 - 20M
Ha-seong Kim,14500000.0,10 - 20M
Byron Buxton,14285714.0,10 - 20M
Luis Arraez,14000000.0,10 - 20M
Jon Gray,14000000.0,10 - 20M
Lourdes Gurriel Jr.,14000000.0,10 - 20M
Jurickson Profar,14000000.0,10 - 20M
Will Smith,14000000.0,10 - 20M
Jorge Soler,14000000.0,10 - 20M
Corbin Carroll,13875000.0,10 - 20M
Dylan Cease,13750000.0,10 - 20M
Nick Pivetta,13750000.0,10 - 20M
Zac Gallen,13500000.0,10 - 20M
Bryan Reynolds,13343750.0,10 - 20M
Zach Eflin,13333333.0,10 - 20M
Shota Imanaga,13250000.0,10 - 20M
Tyler Anderson,13000000.0,10 - 20M
Shane Bieber,13000000.0,10 - 20M
Tomoyuki Sugano,13000000.0,10 - 20M
Kirby Yates,13000000.0,10 - 20M
Kyle Freeland,12900000.0,10 - 20M
Cristian Javier,12800000.0,10 - 20M
Clay Holmes,12666667.0,10 - 20M
Ronald Acuña Jr.,12500000.0,10 - 20M
Paul Goldschmidt,12500000.0,10 - 20M
Jeff McNeil,12500000.0,10 - 20M
Spencer Strider,12500000.0,10 - 20M
Sean Murphy,12166667.0,10 - 20M
Mitch Garver,12000000.0,10 - 20M
Max Muncy,12000000.0,10 - 20M
Brent Rooker,12000000.0,10 - 20M
Nico Hoerner,11666667.0,10 - 20M
Ryan McMahon,11666667.0,10 - 20M
Rafael Montero,11500000.0,10 - 20M
Jake Cronenworth,11428571.0,10 - 20M
Randy Arozarena,11300000.0,10 - 20M
Sandy Alcantara,11200000.0,10 - 20M
Bo Bichette,11200000.0,10 - 20M
Carlos Estevez,11100000.0,10 - 20M
Jordan Hicks,11000000.0,10 - 20M
Jeff Hoffman,11000000.0,10 - 20M
Tyler Mahle,11000000.0,10 - 20M
Steven Matz,11000000.0,10 - 20M
A.J. Minter,11000000.0,10 - 20M
Taylor Rogers,11000000.0,10 - 20M
Robert Stephenson,11000000.0,10 - 20M
Blake Treinen,11000000.0,10 - 20M
Josh Naylor,10900000.0,10 - 20M
Aroldis Chapman,10750000.0,10 - 20M
Jackson Chourio,10250000.0,10 - 20M
J.P. Crawford,10200000.0,10 - 20M
Tarik Skubal,10150000.0,10 - 20M
Antonio Senzatela,10100000.0,10 - 20M
Kenley Jansen,10000000.0,10 - 20M
Max Kepler,10000000.0,10 - 20M
Andrew Kittredge,10000000.0,10 - 20M
Jose Leclerc,10000000.0,10 - 20M
Reynaldo López,10000000.0,10 - 20M
Germán Márquez,10000000.0,10 - 20M
Christian Vazquez,10000000.0,10 - 20M
Tanner Bibee,9600000.0,1 - 10M
Eugenio Suarez,9428571.0,1 - 10M
Lawrence Butler,9357143.0,1 - 10M
Mike Yastrzemski,9250000.0,1 - 10M
Robert Suarez,9200000.0,1 - 10M
Brayan Bello,9166667.0,1 - 10M
Patrick Sandoval,9125000.0,1 - 10M
Ezequiel Tovar,9071429.0,1 - 10M
Michael Harris II,9000000.0,1 - 10M
Merrill Kelly,9000000.0,1 - 10M
Michael Soroka,9000000.0,1 - 10M
Hunter Greene,8833333.0,1 - 10M
Ranger Suarez,8800000.0,1 - 10M
Ke'Bryan Hayes,8750000.0,1 - 10M
Brady Singer,8750000.0,1 - 10M
Brandon Woodruff,8750000.0,1 - 10M
Cedric Mullins,8725000.0,1 - 10M
Joe Jimenez,8666667.0,1 - 10M
Devin Williams,8600000.0,1 - 10M
Danny Jansen,8500000.0,1 - 10M
Jordan Romano,8500000.0,1 - 10M
Gary Sánchez,8500000.0,1 - 10M
Luis Robert Jr.,8333333.0,1 - 10M
Ryan Helsley,8200000.0,1 - 10M
Daulton Varsho,8200000.0,1 - 10M
Aaron Civale,8000000.0,1 - 10M
Yandy Diaz,8000000.0,1 - 10M
Emilio Pagan,8000000.0,1 - 10M
Lane Thomas,7825000.0,1 - 10M
Taylor Ward,7825000.0,1 - 10M
Tommy Kahnle,7750000.0,1 - 10M
Michael King,7750000.0,1 - 10M
Jorge Polanco,7750000.0,1 - 10M
Jeffrey Springs,7750000.0,1 - 10M
Alec Bohm,7700000.0,1 - 10M
Logan Gilbert,7625000.0,1 - 10M
Nestor Cortes,7600000.0,1 - 10M
Kristian Campbell,7500000.0,1 - 10M
Yimi Garcia,7500000.0,1 - 10M
Clayton Kershaw,7500000.0,1 - 10M
Isiah Kiner-Falefa,7500000.0,1 - 10M
Matt Strahm,7500000.0,1 - 10M
Jesse Winker,7500000.0,1 - 10M
Jose Alvarado,7333333.0,1 - 10M
Pierce Johnson,7125000.0,1 - 10M
Adolis García,7000000.0,1 - 10M
Michael Lorenzen,7000000.0,1 - 10M
Paul Sewald,7000000.0,1 - 10M
Trevor Williams,7000000.0,1 - 10M
Ryan Mountcastle,6787000.0,1 - 10M
Kyle Higashioka,6750000.0,1 - 10M
Jesús Luzardo,6625000.0,1 - 10M
Isaac Paredes,6625000.0,1 - 10M
Justin Steele,6550000.0,1 - 10M
Aaron Bummer,6500000.0,1 - 10M
Enrique Hernandez,6500000.0,1 - 10M
Willi Castro,6400000.0,1 - 10M
Yariel Rodriguez,6400000.0,1 - 10M
Harrison Bader,6250000.0,1 - 10M
Ceddanne Rafaela,6250000.0,1 - 10M
Keibert Ruiz,6250000.0,1 - 10M
William Contreras,6100000.0,1 - 10M
Evan Phillips,6100000.0,1 - 10M
Josh Bell,6000000.0,1 - 10M
Victor Caratini,6000000.0,1 - 10M
Kyle Finnegan,6000000.0,1 - 10M
Justin Turner,6000000.0,1 - 10M
Travis d'Arnaud,6000000.0,1 - 10M
Luis Rengifo,5950000.0,1 - 10M
David Bednar,5900000.0,1 - 10M
Jazz Chisholm,5850000.0,1 - 10M
Andrew Vaughn,5850000.0,1 - 10M
Carson Kelly,5750000.0,1 - 10M
Zack Littell,5720000.0,1 - 10M
Cristopher Sanchez,5625000.0,1 - 10M
Yuki Matsui,5600000.0,1 - 10M
Wilmer Flores,5500000.0,1 - 10M
Chris Martin,5500000.0,1 - 10M
Miguel Rojas,5500000.0,1 - 10M
Adley Rutschman,5500000.0,1 - 10M
Tony Gonsolin,5400000.0,1 - 10M
Gregory Soto,5350000.0,1 - 10M
Tyler Rogers,5250000.0,1 - 10M
David Fletcher,5200000.0,1 - 10M
Michael Kopech,5200000.0,1 - 10M
Ozzie Albies,5000000.0,1 - 10M
Mauricio Dubon,5000000.0,1 - 10M
Randal Grichuk,5000000.0,1 - 10M
Trent Grisham,5000000.0,1 - 10M
Austin Hays,5000000.0,1 - 10M
Liam Hendriks,5000000.0,1 - 10M
Jonathan Loaisiga,5000000.0,1 - 10M
Andrew McCutchen,5000000.0,1 - 10M
Yoan Moncada,5000000.0,1 - 10M
Martín Pérez,5000000.0,1 - 10M
Colin Rea,5000000.0,1 - 10M
Myles Straw,5000000.0,1 - 10M
Tyler Stephenson,4925000.0,1 - 10M
Victor Robles,4875000.0,1 - 10M
Jason Adam,4800000.0,1 - 10M
Colt Keith,4773750.0,1 - 10M
Leody Taveras,4750000.0,1 - 10M
Garrett Whitlock,4687500.0,1 - 10M
David Peterson,4625000.0,1 - 10M
Alejandro Kirk,4600000.0,1 - 10M
Jonah Heim,4575000.0,1 - 10M
Ryan Jeffers,4550000.0,1 - 10M
Camilo Doval,4525000.0,1 - 10M
Ryan Brasier,4500000.0,1 - 10M
Alexis Diaz,4500000.0,1 - 10M
Luis Garcia,4500000.0,1 - 10M
Jake Junis,4500000.0,1 - 10M
Ryne Stanek,4500000.0,1 - 10M
Jesús Sánchez,4500000.0,1 - 10M
Cole Ragans,4416667.0,1 - 10M
Jonathan India,4400000.0,1 - 10M
George Kirby,4300000.0,1 - 10M
Griffin Canning,4250000.0,1 - 10M
Drew Rasmussen,4250000.0,1 - 10M
Steven Kwan,4175000.0,1 - 10M
Chris Paddack,4175000.0,1 - 10M
Hyeseong Kim,4166667.0,1 - 10M
Jhoan Duran,4125000.0,1 - 10M
Tom Murphy,4125000.0,1 - 10M
Wandy Peralta,4125000.0,1 - 10M
Aaron Ashby,4100000.0,1 - 10M
Jeremy Pena,4100000.0,1 - 10M
Tommy Pham,4025000.0,1 - 10M
Emmanuel Clase,4000000.0,1 - 10M
Thairo Estrada,4000000.0,1 - 10M
Pete Fairbanks,4000000.0,1 - 10M
Austin Hedges,4000000.0,1 - 10M
Ramon Laureano,4000000.0,1 - 10M
Brandon Lowe,4000000.0,1 - 10M
Jose Quintana,4000000.0,1 - 10M
Evan White,4000000.0,1 - 10M
Tanner Houck,3950000.0,1 - 10M
Jarren Duran,3850000.0,1 - 10M
Garrett Crochet,3800000.0,1 - 10M
Hunter Harvey,3700000.0,1 - 10M
Seranthony Dominguez,3625000.0,1 - 10M
Justin Martinez,3600000.0,1 - 10M
Shane McClanahan,3600000.0,1 - 10M
Clarke Schmidt,3600000.0,1 - 10M
Jorge Mateo,3550000.0,1 - 10M
Bailey Ober,3550000.0,1 - 10M
Elias Diaz,3500000.0,1 - 10M
Ryan O'Hearn,3500000.0,1 - 10M
Bryan Abreu,3450000.0,1 - 10M
Jose Trevino,3425000.0,1 - 10M
Chas McCormick,3400000.0,1 - 10M
Gavin Lux,3325000.0,1 - 10M
Kyle Farmer,3250000.0,1 - 10M
Bryson Stott,3200000.0,1 - 10M
Jason Foley,3150000.0,1 - 10M
Ramon Urias,3150000.0,1 - 10M
Jake Fraley,3125000.0,1 - 10M
Freddy Peralta,3100000.0,1 - 10M
Tyrone Taylor,3025000.0,1 - 10M
Matt Vierling,3005000.0,1 - 10M
Miguel Andujar,3000000.0,1 - 10M
Kris Bubic,3000000.0,1 - 10M
Danny Coulombe,3000000.0,1 - 10M
Caleb Ferguson,3000000.0,1 - 10M
Jose Iglesias,3000000.0,1 - 10M
Brandon Marsh,3000000.0,1 - 10M
Joe Ryan,3000000.0,1 - 10M
Edmundo Sosa,3000000.0,1 - 10M
Joel Payamps,2995000.0,1 - 10M
Ryan Thompson,2965000.0,1 - 10M
Dean Kremer,2950000.0,1 - 10M
Lars Nootbaar,2950000.0,1 - 10M
A.J. Puk,2950000.0,1 - 10M
MacKenzie Gore,2890000.0,1 - 10M
Brendan Donovan,2850000.0,1 - 10M
Tim Hill,2850000.0,1 - 10M
Brusdar Graterol,2800000.0,1 - 10M
Kutter Crawford,2750000.0,1 - 10M
Derek Law,2750000.0,1 - 10M
Caleb Thielbar,2750000.0,1 - 10M
Dane Dunning,2660000.0,1 - 10M
MJ Melendez,2650000.0,1 - 10M
Jake Rogers,2640000.0,1 - 10M
Trevor Rogers,2600000.0,1 - 10M
Geraldo Perdomo,2550000.0,1 - 10M
Scott Barlow,2500000.0,1 - 10M
Kyle Hendricks,2500000.0,1 - 10M
Wade Miley,2500000.0,1 - 10M
Hoby Milner,2500000.0,1 - 10M
Trevor Stephan,2500000.0,1 - 10M
Brent Suter,2500000.0,1 - 10M
Kevin Ginkel,2425000.0,1 - 10M
Santiago Espinal,2400000.0,1 - 10M
Jose Siri,2400000.0,1 - 10M
Griffin Jax,2365000.0,1 - 10M
Kyle Bradish,2350000.0,1 - 10M
Casey Mize,2340000.0,1 - 10M
Jarred Kelenic,2300000.0,1 - 10M
Jake Meyers,2300000.0,1 - 10M
John Schreiber,2300000.0,1 - 10M
Alex Vesia,2300000.0,1 - 10M
Ryan Feltner,2275000.0,1 - 10M
JoJo Romero,2260000.0,1 - 10M
Ben Lively,2250000.0,1 - 10M
Justin Wilson,2250000.0,1 - 10M
Bailey Falter,2222000.0,1 - 10M
Eric Lauer,2200000.0,1 - 10M
Alek Manoah,2200000.0,1 - 10M
Dustin May,2135000.0,1 - 10M
Jo Adell,2100000.0,1 - 10M
Trevor Larnach,2100000.0,1 - 10M
Andre Pallante,2100000.0,1 - 10M
Tyler Kinley,2083333.0,1 - 10M
Tyler Wells,2075000.0,1 - 10M
Mark Leiter Jr.,2050000.0,1 - 10M
Phil Maton,2000000.0,1 - 10M
Adrian Morejon,2000000.0,1 - 10M
Rob Refsnyder,2000000.0,1 - 10M
Brendan Rodgers,2000000.0,1 - 10M
Amed Rosario,2000000.0,1 - 10M
Trent Thornton,2000000.0,1 - 10M
Luke Weaver,2000000.0,1 - 10M
Ryan Yarbrough,2000000.0,1 - 10M
Nick Lodolo,1975000.0,1 - 10M
Tylor Megill,1975000.0,1 - 10M
Ernie Clement,1970000.0,1 - 10M
Edward Cabrera,1950000.0,1 - 10M
Triston McKenzie,1950000.0,1 - 10M
Mike Tauchman,1950000.0,1 - 10M
Michael A. Taylor,1950000.0,1 - 10M
Trevor Megill,1940000.0,1 - 10M
Luis Garcia,1875000.0,1 - 10M
Andres Munoz,1875000.0,1 - 10M
Nick Fortes,1860000.0,1 - 10M
Randy Dobnak,1850000.0,1 - 10M
Brooks Raley,1850000.0,1 - 10M
Reid Detmers,1825000.0,1 - 10M
Kyle Wright,1800000.0,1 - 10M
Kyle Isbel,1750000.0,1 - 10M
Shinnosuke Ogasawara,1750000.0,1 - 10M
Austin Slater,1750000.0,1 - 10M
Zach McKinstry,1650000.0,1 - 10M
Nick Sandlin,1630000.0,1 - 10M
Royce Lewis,1625000.0,1 - 10M
John King,1605000.0,1 - 10M
Gavin Sheets,1600000.0,1 - 10M
Braxton Garrett,1530000.0,1 - 10M
Adam Frazier,1525000.0,1 - 10M
Miguel Castro,1500000.0,1 - 10M
Mike Clevinger,1500000.0,1 - 10M
Kyle Hart,1500000.0,1 - 10M
Colin Holderman,1500000.0,1 - 10M
Brad Keller,1500000.0,1 - 10M
Luke Maile,1500000.0,1 - 10M
Reese McGuire,1500000.0,1 - 10M
Drew Pomeranz,1500000.0,1 - 10M
Pavin Smith,1500000.0,1 - 10M
Luis Torrens,1500000.0,1 - 10M
Keegan Akin,1475000.0,1 - 10M
Shane Baz,1450000.0,1 - 10M
Anthony Bender,1420000.0,1 - 10M
Jacob Barnes,1400000.0,1 - 10M
Jake Bauers,1400000.0,1 - 10M
Andy Ibanez,1400000.0,1 - 10M
Dennis Santana,1400000.0,1 - 10M
Dillon Tate,1400000.0,1 - 10M
Will Vest,1400000.0,1 - 10M
Taylor Walls,1400000.0,1 - 10M
Sam Hentges,1377500.0,1 - 10M
Adrian Houser,1375000.0,1 - 10M
Josiah Gray,1350000.0,1 - 10M
Yulieski Gurriel,1350000.0,1 - 10M
Eric Haase,1350000.0,1 - 10M
Nick Madrigal,1350000.0,1 - 10M
Ian Gibaut,1300000.0,1 - 10M
Manuel Margot,1300000.0,1 - 10M
Shawn Armstrong,1250000.0,1 - 10M
Jalen Beeks,1250000.0,1 - 10M
Mickey Moniak,1250000.0,1 - 10M
Jacob Webb,1250000.0,1 - 10M
Jose Ruiz,1225000.0,1 - 10M
Justin Topa,1225000.0,1 - 10M
Garrett Cleavinger,1200000.0,1 - 10M
Steven Okert,1200000.0,1 - 10M
Cionel Perez,1200000.0,1 - 10M
Joey Bart,1175000.0,1 - 10M
Carlos Hernandez,1160000.0,1 - 10M
Brock Burke,1150000.0,1 - 10M
Jared Young,1150000.0,1 - 10M
Ben Rortvedt,1125000.0,1 - 10M
Scott Blewett,1100000.0,1 - 10M
Patrick Corbin,1100000.0,1 - 10M
Josh Sborz,1100000.0,1 - 10M
José Suarez,1100000.0,1 - 10M
Austin Wynns,1100000.0,1 - 10M
Jose Quijada,1075000.0,1 - 10M
Bryse Wilson,1050000.0,1 - 10M
Beau Brieske,1025000.0,1 - 10M
Dylan Lee,1025000.0,1 - 10M
Sam Moll,1007500.0,1 - 10M
Kolby Allard,1000000.0,1 - 10M
Anthony Banda,1000000.0,1 - 10M
Félix Bautista,1000000.0,1 - 10M
Luis Campusano,1000000.0,1 - 10M
Andrew Chafin,1000000.0,1 - 10M
Taylor Clarke,1000000.0,1 - 10M
Cooper Criswell,1000000.0,1 - 10M
J.D. Davis,1000000.0,1 - 10M
Paul DeJong,1000000.0,1 - 10M
Chris Devenski,1000000.0,1 - 10M
Ty France,1000000.0,1 - 10M
Rich Hill,1000000.0,1 - 10M
Sam Hilliard,1000000.0,1 - 10M
Connor Joe,1000000.0,1 - 10M
Sandy León,1000000.0,1 - 10M
Richard Lovelady,1000000.0,1 - 10M
James McCann,1000000.0,1 - 10M
Billy McKinney,1000000.0,1 - 10M
John Means,1000000.0,1 - 10M
Shelby Miller,1000000.0,1 - 10M
Sean Newcomb,1000000.0,1 - 10M
Emmanuel Rivera,1000000.0,1 - 10M
Tony Santillan,1000000.0,1 - 10M
Jon Singleton,1000000.0,1 - 10M
Drew Smith,1000000.0,1 - 10M
D.J. Stewart,1000000.0,1 - 10M
Hunter Strickland,1000000.0,1 - 10M
Rowdy Tellez,1000000.0,1 - 10M
Matt Thaiss,1000000.0,1 - 10M
Michael Tonkin,1000000.0,1 - 10M
Abraham Toro,1000000.0,1 - 10M
José Urquidy,1000000.0,1 - 10M
Ildemaro Vargas,1000000.0,1 - 10M
Tim Mayza,976876.0,<1M
Dylan Carlson,975000.0,<1M
Justin Lawrence,975000.0,<1M
Nick Mears,963000.0,<1M
Reed Garrett,950000.0,<1M
Sam Long,950000.0,<1M
Eli Morgan,950000.0,<1M
Steven Wilson,950000.0,<1M
Andrew Knizner,943548.0,<1M
Dominic Smith,943548.0,<1M
Ian Hamilton,941050.0,<1M
Tayler Saucedo,937500.0,<1M
Ricky Vanasco,925000.0,<1M
Justin Anderson,900000.0,<1M
Tyler Gilbert,900000.0,<1M
Sam Haggerty,900000.0,<1M
Brooks Kriske,900000.0,<1M
Nick Maton,900000.0,<1M
Elvin Rodriguez,900000.0,<1M
Cole Sulser,900000.0,<1M
Tyler Wade,900000.0,<1M
Eduard Bazardo,892700.0,<1M
Anthony Volpe,879000.0,<1M
Paul Skenes,875000.0,<1M
Hunter Brown,870000.0,<1M
Brock Stewart,870000.0,<1M
Bryan De La Cruz,860000.0,<1M
Joey Lucchesi,854839.0,<1M
Riley Adams,850000.0,<1M
Akil Baddoo,850000.0,<1M
Nick Burdi,850000.0,<1M
John Curtiss,850000.0,<1M
Michael Fulmer,850000.0,<1M
Justin Hagenman,850000.0,<1M
Jesse Hahn,850000.0,<1M
Jimmy Herget,850000.0,<1M
Nick Martini,850000.0,<1M
Omar Narváez,850000.0,<1M
Johan Oviedo,850000.0,<1M
Tanner Rainey,850000.0,<1M
Trevor Richards,850000.0,<1M
Keegan Thompson,850000.0,<1M
Jorge Alcala,845000.0,<1M
Gabe Speier,845000.0,<1M
Jake Cousins,841050.0,<1M
Derek Hill,831000.0,<1M
Jesus Tinoco,831000.0,<1M
Oswaldo Cabrera,825600.0,<1M
Kyle Nelson,825000.0,<1M
Ryne Nelson,825000.0,<1M
Albert Suarez,825000.0,<1M
Danny Young,825000.0,<1M
Andres Chaparro,821800.0,<1M
Connor Gillispie,820000.0,<1M
Edwin Uceta,815000.0,<1M
Riley Greene,812400.0,<1M
Jahmai Jones,810000.0,<1M
Jackson Merrill,809500.0,<1M
Yainer Diaz,805600.0,<1M
Luis Gil,804125.0,<1M
Jake McCarthy,803900.0,<1M
Ronel Blanco,802700.0,<1M
Blake Perkins,802500.0,<1M
Austin Wells,801400.0,<1M
Grant Anderson,800000.0,<1M
Valente Bellozo,800000.0,<1M
Scott Effross,800000.0,<1M
Bryce Elder,800000.0,<1M
Hogan Harris,800000.0,<1M
Easton Lucas,800000.0,<1M
Justyn-Henry Malloy,800000.0,<1M
Darren McCaughan,800000.0,<1M
Bryce Miller,800000.0,<1M
James Outman,800000.0,<1M
Angel Perdomo,800000.0,<1M
Enmanuel Valdez,800000.0,<1M
Justin Wrobleski,800000.0,<1M
Brandon Pfaadt,799400.0,<1M
Tyler Holton,797700.0,<1M
Kerry Carpenter,796800.0,<1M
Francisco Alvarez,795000.0,<1M
Spencer Arrighetti,794200.0,<1M
Javier Assad,793250.0,<1M
Vinnie Pasquantino,793250.0,<1M
Gabriel Moreno,793000.0,<1M
Alek Thomas,793000.0,<1M
Bo Naylor,790300.0,<1M
Michael Massey,790250.0,<1M
Ian Anderson,790000.0,<1M
Jake Burger,790000.0,<1M
Michael Grove,790000.0,<1M
Logan O'Hoppe,790000.0,<1M
Jose Soriano,790000.0,<1M
Eli White,790000.0,<1M
Connor Wong,790000.0,<1M
Mark Vientos,788750.0,<1M
Luke Raley,787400.0,<1M
Reese Olson,787100.0,<1M
Ryan Burr,786000.0,<1M
Spencer Torkelson,785700.0,<1M
Tanner Banks,785500.0,<1M
Cade Smith,785100.0,<1M
Fernando Cruz,785000.0,<1M
Oneil Cruz,785000.0,<1M
Lucas Gilbreath,785000.0,<1M
Dauri Moreta,785000.0,<1M
Jack Suwinski,785000.0,<1M
Austin Warren,785000.0,<1M
Jose Butto,784250.0,<1M
Bryan Hoeing,784000.0,<1M
Vidal Brujan,783500.0,<1M
Bryan Woo,783300.0,<1M
Jose Miranda,783100.0,<1M
Andrew Nardi,783000.0,<1M
Nolan Gorman,782900.0,<1M
Ben Rice,782800.0,<1M
Luis Ortiz,782600.0,<1M
Miguel Amaya,782500.0,<1M
Daniel Lynch,782500.0,<1M
Gunnar Henderson,782300.0,<1M
Alex Lange,782200.0,<1M
David Fry,781900.0,<1M
Tobias Myers,781800.0,<1M
Freddy Fermin,781750.0,<1M
Parker Meadows,781600.0,<1M
Bowden Francis,781500.0,<1M
CJ Abrams,780600.0,<1M
Michael Busch,780500.0,<1M
Josh Jung,780500.0,<1M
Rafael Marchán,780500.0,<1M
Josh H. Smith,780500.0,<1M
Tyler Heineman,780300.0,<1M
Gavin Williams,780300.0,<1M
Wilyer Abreu,780000.0,<1M
Nick Allen,780000.0,<1M
Graham Ashcraft,780000.0,<1M
Sam Bachman,780000.0,<1M
Patrick Bailey,780000.0,<1M
Tyler Fitzgerald,780000.0,<1M
T.J. Friedl,780000.0,<1M
David Hamilton,780000.0,<1M
Sam Huff,780000.0,<1M
Ben Joyce,780000.0,<1M
Luis Matos,780000.0,<1M
Erik Miller,780000.0,<1M
Penn Murfee,780000.0,<1M
Zach Neto,780000.0,<1M
Heliot Ramos,780000.0,<1M
Nolan Schanuel,780000.0,<1M
Casey Schmitt,780000.0,<1M
Davis Schneider,780000.0,<1M
Emmet Sheehan,780000.0,<1M
Spencer Steer,780000.0,<1M
Gavin Stone,780000.0,<1M
Ryan Walker,780000.0,<1M
Hayden Wesneski,779800.0,<1M
Ryan Weathers,779100.0,<1M
Angel Zerpa,779000.0,<1M
Hunter Gaddis,778900.0,<1M
Alec Burleson,778650.0,<1M
Otto Lopez,778500.0,<1M
Cole Sands,778050.0,<1M
Huascar Brazoban,778000.0,<1M
Ronny Henriquez,778000.0,<1M
Tyson Miller,778000.0,<1M
Matt Brash,777600.0,<1M
Tim Herrin,777300.0,<1M
Logan Allen,777200.0,<1M
Brice Turang,777100.0,<1M
José Caballero,776800.0,<1M
Bryan Hudson,776800.0,<1M
Lucas Erceg,776750.0,<1M
Ezequiel Duran,776500.0,<1M
Jeremiah Estrada,776500.0,<1M
Jared Koenig,776300.0,<1M
Kevin Kelly,776100.0,<1M
Joey Ortiz,776000.0,<1M
Justin Slaten,776000.0,<1M
Matthew Liberatore,775800.0,<1M
Matt Waldron,775800.0,<1M
Tyler Freeman,775700.0,<1M
Richard Palacios,775700.0,<1M
Calvin Faucher,775500.0,<1M
Josh Lowe,775100.0,<1M
Ji-Hwan Bae,775000.0,<1M
Nick Gonzales,775000.0,<1M
Jared Jones,775000.0,<1M
Carmen Mlodzinski,775000.0,<1M
Endy Rodríguez,775000.0,<1M
Jared Triolo,775000.0,<1M
Joey Wentz,775000.0,<1M
Maikel Garcia,774750.0,<1M
Jake Irvin,774600.0,<1M
Ryan Pepiot,774600.0,<1M
Colton Cowser,774500.0,<1M
Taj Bradley,774200.0,<1M
Jasson Domínguez,774200.0,<1M
Brett Baty,774000.0,<1M
Brennan Bernardino,774000.0,<1M
Cody Bradford,774000.0,<1M
Triston Casas,774000.0,<1M
Romy Gonzalez,774000.0,<1M
Greg Weissert,774000.0,<1M
Elvis Peguero,773800.0,<1M
James McArthur,773750.0,<1M
Wyatt Langford,773500.0,<1M
Johan Rojas,773500.0,<1M
Orion Kerkering,773000.0,<1M
Collin Snider,773000.0,<1M
Yennier Cano,772900.0,<1M
Randy Vasquez,772800.0,<1M
Edouard Julien,772750.0,<1M
Oswald Peraza,772700.0,<1M
Jordan Westburg,772700.0,<1M
Robert Garcia,772500.0,<1M
Jared Shuster,772350.0,<1M
Bryce Jarvis,772300.0,<1M
Jose Herrera,772200.0,<1M
Zack Thompson,772200.0,<1M
Dairon Blanco,772000.0,<1M
Jonah Bride,772000.0,<1M
Xavier Edwards,772000.0,<1M
Garrett Mitchell,772000.0,<1M
Sal Frelick,771800.0,<1M
Brendon Little,771800.0,<1M
Christopher Morel,771800.0,<1M
Zack Kelly,771500.0,<1M
Gregory Santos,771100.0,<1M
Kody Clemens,771000.0,<1M
Pete Crow-Armstrong,771000.0,<1M
Max Kranick,771000.0,<1M
Korey Lee,771000.0,<1M
Brayan Rocchio,771000.0,<1M
Masyn Winn,770850.0,<1M
Grayson Rodriguez,770800.0,<1M
Jordan Walker,770800.0,<1M
Matt Wallner,770750.0,<1M
Wenceel Perez,770700.0,<1M
Miguel Vargas,770400.0,<1M
Iván Herrera,770300.0,<1M
Mike Siani,770205.0,<1M
Gabriel Arias,770200.0,<1M
Jonny DeLuca,770100.0,<1M
Andrew Abbott,770000.0,<1M
Ignacio Alvarez,770000.0,<1M
Jake Bird,770000.0,<1M
J.J. Bleday,770000.0,<1M
Elly De La Cruz,770000.0,<1M
Shawn Dubin,770000.0,<1M
Jerar Encarnacion,770000.0,<1M
Christian Encarnacion-Strand,770000.0,<1M
Daysbel Hernández,770000.0,<1M
Grant Holmes,770000.0,<1M
Kyle Hurt,770000.0,<1M
Nolan Jones,770000.0,<1M
Scott Kingery,770000.0,<1M
Jack Kochanowicz,770000.0,<1M
Shea Langeliers,770000.0,<1M
Matt McLain,770000.0,<1M
Kaleb Ort,770000.0,<1M
Andy Pages,770000.0,<1M
Kyren Paris,770000.0,<1M
Randy Rodriguez,770000.0,<1M
River Ryan,770000.0,<1M
Spencer Schwellenbach,770000.0,<1M
JP Sears,770000.0,<1M
AJ Smith-Shawver,770000.0,<1M
George Soriano,770000.0,<1M
Lenyn Sosa,770000.0,<1M
Mason Thompson,770000.0,<1M
Eric Wagaman,770000.0,<1M
Ken Waldichuk,770000.0,<1M
Brandon Williamson,770000.0,<1M
Ryan Zeferjahn,770000.0,<1M
Alex Faedo,769900.0,<1M
J.P. France,769900.0,<1M
Jhony Brito,769500.0,<1M
Eury Pérez,769500.0,<1M
Manuel Rodriguez,769400.0,<1M
Alex Call,769100.0,<1M
Jonathan Cannon,769100.0,<1M
Alec Marsh,769000.0,<1M
Dane Myers,769000.0,<1M
Bryan Baker,768700.0,<1M
Jacob Young,768700.0,<1M
Ryan Fernandez,768600.0,<1M
Jesse Scholtens,768600.0,<1M
Pedro Pages,768300.0,<1M
Simeon Woods-Richardson,768250.0,<1M
Cam Booser,768200.0,<1M
Kyle Stowers,768200.0,<1M
Louie Varland,768150.0,<1M
Miles Mastrobuoni,768000.0,<1M
Max Meyer,768000.0,<1M
Will Warren,767600.0,<1M
Spencer Horwitz,767500.0,<1M
Mitchell Parker,767200.0,<1M
Brant Hurter,767100.0,<1M
Porter Hodge,767000.0,<1M
Kyle Leahy,767000.0,<1M
Jhonkensy Noel,766900.0,<1M
Nathan Lukes,766800.0,<1M
Jonathan Aranda,766500.0,<1M
Bryan King,766400.0,<1M
Blaze Alexander,766300.0,<1M
Luken Baker,766100.0,<1M
D.L. Hall,766100.0,<1M
Cade Povich,766100.0,<1M
Luisangel Acuna,766000.0,<1M
Richard Fitts,766000.0,<1M
Emerson Hancock,766000.0,<1M
Brenan Hanifee,766000.0,<1M
Ronny Mauricio,766000.0,<1M
Daniel Schneemann,766000.0,<1M
Jordan Leasure,765800.0,<1M
Davis Martin,765450.0,<1M
José Ferrer,765400.0,<1M
Robert Gasser,765400.0,<1M
Taylor Trammell,765200.0,<1M
Yoendrys Gomez,765050.0,<1M
Osvaldo Bido,765000.0,<1M
Hayden Birdsong,765000.0,<1M
Spencer Bivens,765000.0,<1M
Sean Bouchard,765000.0,<1M
Slade Cecconi,765000.0,<1M
Brenton Doyle,765000.0,<1M
Zack Gelof,765000.0,<1M
Hunter Goodman,765000.0,<1M
Luis Medina,765000.0,<1M
Mason Miller,765000.0,<1M
Connor Norby,765000.0,<1M
Landen Roupp,765000.0,<1M
Max Schuemann,765000.0,<1M
Tyler Soderstrom,765000.0,<1M
Mitch Spence,765000.0,<1M
Carson Spiers,765000.0,<1M
Michael Toglia,765000.0,<1M
Victor Vodnik,765000.0,<1M
Ryan Kreidler,764900.0,<1M
Jackson Holliday,764800.0,<1M
Drew Thorpe,764750.0,<1M
Erik Sabrowski,764700.0,<1M
James Wood,764600.0,<1M
Alek Jacob,764500.0,<1M
Christian Scott,764500.0,<1M
Brooks Lee,764450.0,<1M
DJ Herz,764200.0,<1M
Chris Roycroft,764150.0,<1M
Victor Scott II,764150.0,<1M
Junior Caminero,764100.0,<1M
Heston Kjerstad,764000.0,<1M
Tyler Phillips,764000.0,<1M
Trey Sweeney,764000.0,<1M
Weston Wilson,764000.0,<1M
Oliver Dunn,763700.0,<1M
Sawyer Gipson-Long,763600.0,<1M
Carlos Narvaez,763500.0,<1M
Zach Penrod,763500.0,<1M
Mason Englert,763400.0,<1M
Fraser Ellard,763375.0,<1M
Clayton Beeter,763325.0,<1M
Zach Dezenzo,763200.0,<1M
Kyle Manzardo,763200.0,<1M
Brent Headrick,763125.0,<1M
Sean Reynolds,763100.0,<1M
Jackson Kowar,763000.0,<1M
Will Wagner,763000.0,<1M
Anthony Veneziano,762925.0,<1M
Joey Cantillo,762800.0,<1M
Hunter Bigge,762700.0,<1M
Blake Walston,762700.0,<1M
Brooks Baldwin,762625.0,<1M
Prelander Berroa,762625.0,<1M
Bryan Ramos,762625.0,<1M
Dillon Dingler,762600.0,<1M
Lake Bachar,762500.0,<1M
Ben Brown,762500.0,<1M
Ben Casparius,762500.0,<1M
Griffin Conine,762500.0,<1M
Edgardo Henriquez,762500.0,<1M
Jack Leiter,762500.0,<1M
Mickey Gasper,762450.0,<1M
José Tena,762400.0,<1M
Chayce McDermott,762200.0,<1M
Curtis Mead,762200.0,<1M
Eduardo Salazar,762200.0,<1M
Abner Uribe,762200.0,<1M
Jacob Amaya,762125.0,<1M
Ryan Bliss,762100.0,<1M
Jordan Beck,762000.0,<1M
Bradley Blalock,762000.0,<1M
Angel Chivilli,762000.0,<1M
Jeff Criswell,762000.0,<1M
Seth Halvorsen,762000.0,<1M
Chris Murphy,762000.0,<1M
Luis Peralta,762000.0,<1M
Dylan Crews,761800.0,<1M
Mason Montgomery,761800.0,<1M
Troy Taylor,761700.0,<1M
Julian Aguiar,761500.0,<1M
Blake Dunn,761500.0,<1M
Jacob Hurtubise,761500.0,<1M
Rhett Lowder,761500.0,<1M
Graham Pauley,761500.0,<1M
Kumar Rocker,761500.0,<1M
Javier Sanoja,761500.0,<1M
Ty Madden,761400.0,<1M
Luis Contreras,761300.0,<1M
DaShawn Keirsey,761250.0,<1M
Carlos Vargas,761200.0,<1M
Vinny Capra,761100.0,<1M
Isaac Collins,761100.0,<1M
Jackson Jobe,760900.0,<1M
Johnathan Rodriguez,760900.0,<1M
Ky Bush,760800.0,<1M
Brandon Eisert,760800.0,<1M
Forrest Whitley,760800.0,<1M
Kameron Misner,760700.0,<1M
Marc Church,760500.0,<1M
Zach Brzykcy,760400.0,<1M
Pedro León,760400.0,<1M
Sean Burke,760350.0,<1M
Brandon Lockridge,760300.0,<1M
Orlando Ribalta,760300.0,<1M
Cade Cavalli,760200.0,<1M
Mick Abel,760000.0,<1M
Philip Abner,760000.0,<1M
Max Acosta,760000.0,<1M
Jordyn Adams,760000.0,<1M
Travis Adams,760000.0,<1M
Ty Adcock,760000.0,<1M
Zach Agnos,760000.0,<1M
Kevin Alcantara,760000.0,<1M
Sergio Alcantara,760000.0,<1M
Samuel Aldegheri,760000.0,<1M
C.J. Alexander,760000.0,<1M
Jason Alexander,760000.0,<1M
Tyler Alexander,760000.0,<1M
Jorge Alfaro,760000.0,<1M
Greg Allen,760000.0,<1M
Elvis Alvarado,760000.0,<1M
Andrew Alvarez,760000.0,<1M
Adael Amador,760000.0,<1M
Shaun Anderson,760000.0,<1M
Roman Anthony,760000.0,<1M
Orlando Arcia,760000.0,<1M
Luarbert Arias,760000.0,<1M
Braxton Ashcraft,760000.0,<1M
Drew Avans,760000.0,<1M
Luinder Avila,760000.0,<1M
Jose Azocar,760000.0,<1M
Kyle Backhus,760000.0,<1M
Darren Baker,760000.0,<1M
Drake Baldwin,760000.0,<1M
Moisés Ballesteros,760000.0,<1M
Will Banfield,760000.0,<1M
David Banuelos,760000.0,<1M
Hunter Barco,760000.0,<1M
Addison Barger,760000.0,<1M
Mason Barnett,760000.0,<1M
Jorge Barrosa,760000.0,<1M
Osleivis Basabe,760000.0,<1M
Samuel Basallo,760000.0,<1M
Brady Basso,760000.0,<1M
Angel Bastardo,760000.0,<1M
Dylan Beavers,760000.0,<1M
Tristan Beck,760000.0,<1M
Sam Benschoter,760000.0,<1M
Will Benson,760000.0,<1M
Ryan Bergert,760000.0,<1M
Warming Bernabel,760000.0,<1M
Steward Berroa,760000.0,<1M
Mason Black,760000.0,<1M
Tyler Black,760000.0,<1M
Paul Blackburn,760000.0,<1M
A.J. Blubaugh,760000.0,<1M
Ryan Borucki,760000.0,<1M
Caleb Boushley,760000.0,<1M
Ben Bowden,760000.0,<1M
Jonathan Bowlan,760000.0,<1M
Joe Boyle,760000.0,<1M
Rob Brantly,760000.0,<1M
John Brebbia,760000.0,<1M
Will Brennan,760000.0,<1M
Connor Brogdon,760000.0,<1M
Trenton Brooks,760000.0,<1M
McCade Brown,760000.0,<1M
JT Brubaker,760000.0,<1M
Justin Bruihl,760000.0,<1M
Walker Buehler,760000.0,<1M
Juan Burgos,760000.0,<1M
Chase Burns,760000.0,<1M
Michael Burrows,760000.0,<1M
Genesis Cabrera,760000.0,<1M
Jac Caglianone,760000.0,<1M
Owen Caissie,760000.0,<1M
Tyler Callihan,760000.0,<1M
Daz Cameron,760000.0,<1M
Noah Cameron,760000.0,<1M
Isaiah Campbell,760000.0,<1M
Gustavo Campero,760000.0,<1M
Alexander Canario,760000.0,<1M
Dominic Canzone,760000.0,<1M
Alex Carrillo,760000.0,<1M
Evan Carter,760000.0,<1M
Blas Castano,760000.0,<1M
Jose Castillo,760000.0,<1M
Luis Castillo,760000.0,<1M
Bubba Chandler,760000.0,<1M
Tsung-Che Cheng,760000.0,<1M
Nathan Church,760000.0,<1M
Denzel Clarke,760000.0,<1M
Jonatan Clase,760000.0,<1M
Zach Cole Jr.,760000.0,<1M
Roansy Contreras,760000.0,<1M
Billy Cook,760000.0,<1M
Jose Corniell,760000.0,<1M
Kenedy Corona,760000.0,<1M
Carlos Cortes,760000.0,<1M
Tom Cosgrove,760000.0,<1M
Austin Cox,760000.0,<1M
Blaine Crim,760000.0,<1M
Nabil Crismatt,760000.0,<1M
Jimmy Crooks III,760000.0,<1M
Omar Cruz,760000.0,<1M
Steven Cruz,760000.0,<1M
Xzavion Curry,760000.0,<1M
Luis Curvelo,760000.0,<1M
Ryan Cusick,760000.0,<1M
Caden Dana,760000.0,<1M
Davis Daniel,760000.0,<1M
Dugan Darnell,760000.0,<1M
Michael Darrell-Hicks,760000.0,<1M
Logan Davidson,760000.0,<1M
Henry Davis,760000.0,<1M
Noah Davis,760000.0,<1M
Jose De Leon,760000.0,<1M
Enyel De Los Santos,760000.0,<1M
Yerry De Los Santos,760000.0,<1M
Justin Dean,760000.0,<1M
Adrian Del Castillo,760000.0,<1M
Cam Devanney,760000.0,<1M
Jhonathan Diaz,760000.0,<1M
Yilber Diaz,760000.0,<1M
Hunter Dobbins,760000.0,<1M
Dylan Dodd,760000.0,<1M
Chase Dollander,760000.0,<1M
Jack Dreyer,760000.0,<1M
Carlos Duran,760000.0,<1M
Caleb Durbin,760000.0,<1M
Connelly Early,760000.0,<1M
Nate Eaton,760000.0,<1M
Jake Eder,760000.0,<1M
C.J. Edwards,760000.0,<1M
Bryce Eldridge,760000.0,<1M
Tim Elko,760000.0,<1M
Tristin English,760000.0,<1M
Dietrich Enns,760000.0,<1M
Nic Enright,760000.0,<1M
J.C. Escarra,760000.0,<1M
José Espada,760000.0,<1M
Joey Estes,760000.0,<1M
Lazaro Estrada,760000.0,<1M
Logan Evans,760000.0,<1M
Stuart Fairchild,760000.0,<1M
Mitch Farris,760000.0,<1M
Erick Fedde,760000.0,<1M
Hunter Feduccia,760000.0,<1M
Tyler Ferguson,760000.0,<1M
Jose Fermin,760000.0,<1M
Jose Fermin,760000.0,<1M
Yanquiel Fernandez,760000.0,<1M
Julian Fernández,760000.0,<1M
David Festa,760000.0,<1M
Matt Festa,760000.0,<1M
J.P. Feyereisen,760000.0,<1M
Braydon Fisher,760000.0,<1M
Ryan Fitzgerald,760000.0,<1M
Dominic Fletcher,760000.0,<1M
Rafael Flores,760000.0,<1M
Mason Fluharty,760000.0,<1M
Harry Ford,760000.0,<1M
Justin Foscue,760000.0,<1M
Nick Frasso,760000.0,<1M
Alex Freeland,760000.0,<1M
Caleb Freeman,760000.0,<1M
Cody Freeman,760000.0,<1M
Didier Fuentes,760000.0,<1M
Braxton Fulford,760000.0,<1M
Carson Fulmer,760000.0,<1M
Kody Funderburk,760000.0,<1M
Matt Gage,760000.0,<1M
Aramis Garcia,760000.0,<1M
Brandyn Garcia,760000.0,<1M
Jhostynxon Garcia,760000.0,<1M
Luis Garcia,760000.0,<1M
Rico Garcia,760000.0,<1M
Justin Garza,760000.0,<1M
Joey Gerber,760000.0,<1M
Paul Gervase,760000.0,<1M
Cade Gibson,760000.0,<1M
Drew Gilbert,760000.0,<1M
Logan Gillaspie,760000.0,<1M
J.T. Ginn,760000.0,<1M
Domingo Gonzalez,760000.0,<1M
Wikelman Gonzalez,760000.0,<1M
Colton Gordon,760000.0,<1M
Tanner Gordon,760000.0,<1M
Gordon Graceffo,760000.0,<1M
Andre Granillo,760000.0,<1M
Tristan Gray,760000.0,<1M
Vaughn Grissom,760000.0,<1M
Sean Guenther,760000.0,<1M
Luis Guerrero,760000.0,<1M
Ryan Gusto,760000.0,<1M
Denzer Guzman,760000.0,<1M
Petey Halpin,760000.0,<1M
Dominic Hamel,760000.0,<1M
Maverick Handley,760000.0,<1M
Thomas Harrington,760000.0,<1M
Brett Harris,760000.0,<1M
Dustin Harris,760000.0,<1M
Hayden Harris,760000.0,<1M
Kyle Harrison,760000.0,<1M
Geoff Hartlieb,760000.0,<1M
Robert Hassell,760000.0,<1M
Thomas Hatch,760000.0,<1M
Andrew Heaney,760000.0,<1M
Michael Helman,760000.0,<1M
Logan Henderson,760000.0,<1M
Cole Henry,760000.0,<1M
Tommy Henry,760000.0,<1M
Kevin Herget,760000.0,<1M
Darell Hernaiz,760000.0,<1M
Heriberto Hernandez,760000.0,<1M
Nick Hernandez,760000.0,<1M
Brewer Hicklen,760000.0,<1M
Liam Hicks,760000.0,<1M
Jaden Hill,760000.0,<1M
Rece Hinds,760000.0,<1M
Yaramil Hiraldo,760000.0,<1M
Keston Hiura,760000.0,<1M
Sean Hjelle,760000.0,<1M
Andrew Hoffman,760000.0,<1M
Nolan Hoffman,760000.0,<1M
Gunnar Hoglund,760000.0,<1M
Gavin Hollowell,760000.0,<1M
Grant Holman,760000.0,<1M
Bailey Horn,760000.0,<1M
Cade Horton,760000.0,<1M
Brady House,760000.0,<1M
Cooper Hummel,760000.0,<1M
Blake Hunt,760000.0,<1M
Alex Jackson,760000.0,<1M
Jeremiah Jackson,760000.0,<1M
Luke Jackson,760000.0,<1M
Joe Jacques,760000.0,<1M
Drey Jameson,760000.0,<1M
Carter Jensen,760000.0,<1M
Leonardo Jimenez,760000.0,<1M
Bryce Johnson,760000.0,<1M
Daniel Johnson,760000.0,<1M
Ryan Johnson,760000.0,<1M
Seth Johnson,760000.0,<1M
Troy Johnston,760000.0,<1M
Corey Julks,760000.0,<1M
Jace Jung,760000.0,<1M
Janson Junk,760000.0,<1M
Connor Kaiser,760000.0,<1M
Kyle Karros,760000.0,<1M
Niko Kavadas,760000.0,<1M
C.J. Kayfus,760000.0,<1M
Luke Keaschall,760000.0,<1M
Casey Kelly,760000.0,<1M
Michael Kelly,760000.0,<1M
Otto Kemp,760000.0,<1M
Buddy Kennedy,760000.0,<1M
Zak Kent,760000.0,<1M
Carter Kieboom,760000.0,<1M
Craig Kimbrel,760000.0,<1M
Will Klein,760000.0,<1M
Landon Knack,760000.0,<1M
Stephen Kolek,760000.0,<1M
Christian Koss,760000.0,<1M
Matt Krook,760000.0,<1M
Nick Kurtz,760000.0,<1M
Joe La Sorsa,760000.0,<1M
Rafael Lantigua,760000.0,<1M
Sauryn Lao,760000.0,<1M
Andry Lara,760000.0,<1M
Jhancarlos Lara,760000.0,<1M
Jacob Latz,760000.0,<1M
Nathan Lavender,760000.0,<1M
Cody Laweryson,760000.0,<1M
Jordan Lawlar,760000.0,<1M
Casey Lawrence,760000.0,<1M
Max Lazar,760000.0,<1M
Chase Lee,760000.0,<1M
Casey Legumina,760000.0,<1M
Daylen Lile,760000.0,<1M
Trey Lipscomb,760000.0,<1M
Jack Little,760000.0,<1M
Luke Little,760000.0,<1M
Tyler Locklear,760000.0,<1M
Nick Loftin,760000.0,<1M
Joey Loperfido,760000.0,<1M
Jacob Lopez,760000.0,<1M
Brad Lord,760000.0,<1M
Ryan Loutos,760000.0,<1M
Nathaniel Lowe,760000.0,<1M
Marco Luciano,760000.0,<1M
Matthew Lugo,760000.0,<1M
Willie MacIver,760000.0,<1M
Vimael Machin,760000.0,<1M
Anthony Maldonado,760000.0,<1M
Jake Mangum,760000.0,<1M
Matt Manning,760000.0,<1M
Ron Marinaccio,760000.0,<1M
Jakob Marsee,760000.0,<1M
Noelvi Marte,760000.0,<1M
Austin Martin,760000.0,<1M
Corbin Martin,760000.0,<1M
Angel Martinez,760000.0,<1M
Seth Martinez,760000.0,<1M
Brice Matthews,760000.0,<1M
Zebby Matthews,760000.0,<1M
Isaac Mattson,760000.0,<1M
Zach Maxwell,760000.0,<1M
Marcelo Mayer,760000.0,<1M
Coby Mayo,760000.0,<1M
Adam Mazur,760000.0,<1M
Mason McCoy,760000.0,<1M
Grant McCray,760000.0,<1M
Carson McCusker,760000.0,<1M
Garrett McDaniels,760000.0,<1M
Trevor McDonald,760000.0,<1M
Easton McGee,760000.0,<1M
Scott McGough,760000.0,<1M
Michael McGreevy,760000.0,<1M
Nolan McLean,760000.0,<1M
Wade Meckler,760000.0,<1M
Victor Mederos,760000.0,<1M
Chase Meidroth,760000.0,<1M
Juan Mejia,760000.0,<1M
Jacob Melton,760000.0,<1M
Troy Melton,760000.0,<1M
Cristian Mena,760000.0,<1M
Michael Mercado,760000.0,<1M
Victor Mesa Jr.,760000.0,<1M
Parker Messick,760000.0,<1M
Luis Mey,760000.0,<1M
Drew Millas,760000.0,<1M
Bobby Miller,760000.0,<1M
Owen Miller,760000.0,<1M
Anthony Misiewicz,760000.0,<1M
Jacob Misiorowski,760000.0,<1M
Anthony Molina,760000.0,<1M
Andruw Monasterio,760000.0,<1M
Keider Montero,760000.0,<1M
Coco Montes,760000.0,<1M
Christian Montes De Oca,760000.0,<1M
Pat Monteverde,760000.0,<1M
Colson Montgomery,760000.0,<1M
Christian Moore,760000.0,<1M
Dylan Moore,760000.0,<1M
Luis Morales,760000.0,<1M
David Morgan,760000.0,<1M
Juan Morillo,760000.0,<1M
Charlie Morton,760000.0,<1M
Jovani Morán,760000.0,<1M
Max Muncy,760000.0,<1M
Roddery Munoz,760000.0,<1M
Noah Murdock,760000.0,<1M
Jayden Murray,760000.0,<1M
Rolddy Muñoz,760000.0,<1M
Tommy Nance,760000.0,<1M
Brian Navarreto,760000.0,<1M
Kyle Nicolas,760000.0,<1M
Tomás Nido,760000.0,<1M
Doug Nikhazy,760000.0,<1M
Ryan Noda,760000.0,<1M
Austin Nola,760000.0,<1M
Dedniel Nunez,760000.0,<1M
Dom Nunez,760000.0,<1M
Eduarniel Nunez,760000.0,<1M
Nasim Nunez,760000.0,<1M
Riley O'Brien,760000.0,<1M
Pierson Ohl,760000.0,<1M
Jonathan Ornelas,760000.0,<1M
Tirso Ornelas,760000.0,<1M
Eric Orze,760000.0,<1M
Alejandro Osuna,760000.0,<1M
Michel Otanez,760000.0,<1M
Joshua Palacios,760000.0,<1M
Daniel Palencia,760000.0,<1M
Jake Palisch,760000.0,<1M
Carson Palmquist,760000.0,<1M
Chad Patrick,760000.0,<1M
Joel Peguero,760000.0,<1M
Liover Peguero,760000.0,<1M
Sammy Peralta,760000.0,<1M
Jhonny Pereda,760000.0,<1M
Everson Pereira,760000.0,<1M
Jack Perkins,760000.0,<1M
Tristan Peters,760000.0,<1M
Michael Petersen,760000.0,<1M
Chase Petty,760000.0,<1M
Connor Phillips,760000.0,<1M
Konnor Pilkington,760000.0,<1M
Robinson Pina,760000.0,<1M
Jonathan Pintaro,760000.0,<1M
Austin Pope,760000.0,<1M
Logan Porter,760000.0,<1M
P.J. Poulin,760000.0,<1M
Yohel Pozo,760000.0,<1M
Quinn Priester,760000.0,<1M
César Prieto,760000.0,<1M
Edgar Quero,760000.0,<1M
Carson Ragsdale,760000.0,<1M
Agustin Ramirez,760000.0,<1M
Erasmo Ramirez,760000.0,<1M
Yohan Ramirez,760000.0,<1M
Alan Rangel,760000.0,<1M
Nick Raquet,760000.0,<1M
Taylor Rashi,760000.0,<1M
John Rave,760000.0,<1M
Lyon Richardson,760000.0,<1M
Ryan Ritter,760000.0,<1M
Leonardo Rivas,760000.0,<1M
Sebastian Rivero,760000.0,<1M
Christian Roa,760000.0,<1M
Daniel Robert,760000.0,<1M
Ethan Roberts,760000.0,<1M
Will Robertson,760000.0,<1M
Chuckie Robinson,760000.0,<1M
Joe Rock,760000.0,<1M
Alan Roden,760000.0,<1M
Bradgley Rodriguez,760000.0,<1M
Carlos D. Rodriguez,760000.0,<1M
Carlos F. Rodriguez,760000.0,<1M
Jesus Rodriguez,760000.0,<1M
Ryan Rolison,760000.0,<1M
Drew Romo,760000.0,<1M
John Rooney,760000.0,<1M
Eddie Rosario,760000.0,<1M
Eguy Rosario,760000.0,<1M
Dylan Ross,760000.0,<1M
Houston Roth,760000.0,<1M
Esteury Ruiz,760000.0,<1M
Dalton Rushing,760000.0,<1M
Jackson Rutledge,760000.0,<1M
Andrew Saalfrank,760000.0,<1M
Blake Sabol,760000.0,<1M
Thomas Saggese,760000.0,<1M
César Salazar,760000.0,<1M
Ali Sanchez,760000.0,<1M
Cam Sanders,760000.0,<1M
Jayvien Sandridge,760000.0,<1M
Reiver Sanmartin,760000.0,<1M
Carlos Santana,760000.0,<1M
Roki Sasaki,760000.0,<1M
Cam Schlittler,760000.0,<1M
Paxton Schultz,760000.0,<1M
Aaron Schunk,760000.0,<1M
Tayler Scott,760000.0,<1M
Connor Seabold,760000.0,<1M
Anthony Seigler,760000.0,<1M
Colin Selby,760000.0,<1M
Hayden Senger,760000.0,<1M
Bobby Seymour,760000.0,<1M
Carson Seymour,760000.0,<1M
Ian Seymour,760000.0,<1M
Matt Shaw,760000.0,<1M
Zack Short,760000.0,<1M
Chase Shugart,760000.0,<1M
Chase Silseth,760000.0,<1M
Ronny Simon,760000.0,<1M
Chandler Simpson,760000.0,<1M
Josh Simpson,760000.0,<1M
Evan Sisk,760000.0,<1M
Cam Smith,760000.0,<1M
Dylan Smith,760000.0,<1M
Shane Smith,760000.0,<1M
Nick Sogard,760000.0,<1M
Donovan Solano,760000.0,<1M
Drew Sommers,760000.0,<1M
Bennett Sousa,760000.0,<1M
Brandon Sproat,760000.0,<1M
Jacob Stallings,760000.0,<1M
Justin Sterner,760000.0,<1M
Chad Stevens,760000.0,<1M
Sal Stewart,760000.0,<1M
Robert Stock,760000.0,<1M
Chris Stratton,760000.0,<1M
Hunter Stratton,760000.0,<1M
Kade Strowd,760000.0,<1M
C.J. Stubbs,760000.0,<1M
Wander Suero,760000.0,<1M
Brett Sullivan,760000.0,<1M
Matt Svanson,760000.0,<1M
Devin Sweet,760000.0,<1M
Freddy Tarnok,760000.0,<1M
Tim Tawa,760000.0,<1M
Chris Taylor,760000.0,<1M
Grant Taylor,760000.0,<1M
Samad Taylor,760000.0,<1M
Kyle Teel,760000.0,<1M
Kai-Wei Teng,760000.0,<1M
Bryce Teodosio,760000.0,<1M
Colby Thomas,760000.0,<1M
Connor Thomas,760000.0,<1M
Rhylan Thomas,760000.0,<1M
Blade Tidwell,760000.0,<1M
Tyler Tolbert,760000.0,<1M
Payton Tolle,760000.0,<1M
Jonah Tong,760000.0,<1M
Touki Toussaint,760000.0,<1M
Lou Trivino,760000.0,<1M
Chadwick Tromp,760000.0,<1M
José Ureña,760000.0,<1M
George Valera,760000.0,<1M
Brian Van Belle,760000.0,<1M
Logan VanWey,760000.0,<1M
Mike Vasil,760000.0,<1M
Terrin Vavra,760000.0,<1M
Luis Vazquez,760000.0,<1M
Zac Veen,760000.0,<1M
Vince Velasquez,760000.0,<1M
Ryan Vilade,760000.0,<1M
David Villar,760000.0,<1M
Jorbit Vivas,760000.0,<1M
Jack WInkler,760000.0,<1M
Brandon Waddell,760000.0,<1M
Hurston Waldrep,760000.0,<1M
Josh Walker,760000.0,<1M
Chad Wallach,760000.0,<1M
Brandon Walter,760000.0,<1M
Andrew Walters,760000.0,<1M
Donnie Walton,760000.0,<1M
Drew Waters,760000.0,<1M
Jordan Weems,760000.0,<1M
Carson Whisenhunt,760000.0,<1M
Shay Whitcomb,760000.0,<1M
Owen White,760000.0,<1M
Jordan Wicks,760000.0,<1M
Joey Wiemer,760000.0,<1M
Cole Wilcox,760000.0,<1M
Nathan Wiles,760000.0,<1M
Carson Williams,760000.0,<1M
Luke Williams,760000.0,<1M
Ben Williamson,760000.0,<1M
Jacob Wilson,760000.0,<1M
Will Wilson,760000.0,<1M
Allan Winans,760000.0,<1M
Josh Winckowski,760000.0,<1M
Cole Winn,760000.0,<1M
Keaton Winn,760000.0,<1M
Brett Wisely,760000.0,<1M
Grant Wolfram,760000.0,<1M
Jake Woodford,760000.0,<1M
Gage Workman,760000.0,<1M
Randy Wynne,760000.0,<1M
Trey Yesavage,760000.0,<1M
Craig Yoho,760000.0,<1M
Nick Yorke,760000.0,<1M
Brandon Young,760000.0,<1M
Cole Young,760000.0,<1M
Rob Zastryzny,760000.0,<1M
Bruce Zimmermann,760000.0,<1M
Tyler Zuber,760000.0,<1M
Yosver Zulueta,760000.0,<1M
Brett de Geus,760000.0,<1M
Garrett Acton,757500.0,<1M
Braden Shewmake,186000.0,<1M
Michael Arias,123900.0,<1M
Jake Bloss,123900.0,<1M
Yoniel Curet,123900.0,<1M
Daniel Espino,123900.0,<1M
Adam Macko,123900.0,<1M
Emmanuel Rodriguez,123900.0,<1M
Nick Robertson,81268.0,<1M
Juan Yepez,81000.0,<1M
Jean Cabrera,62000.0,<1M
Eric Cerantola,62000.0,<1M
Moises Chace,62000.0,<1M
Deyvison De Los Santos,62000.0,<1M
Daxton Fulton,62000.0,<1M
Tink Hence,62000.0,<1M
Matt Koperniak,62000.0,<1M
Tyler Mattison,62000.0,<1M
Jeferson Quero,62000.0,<1M
Marco Raya,62000.0,<1M
Winston Santos,62000.0,<1M
Jared Serna,62000.0,<1M
Emiliano Teodo,62000.0,<1M
Tyler Gentry,41333.0,<1M
Gus Varland,32640.0,<1M
Evan Justice,18652.0,<1M
