Rank,Name,TeamPos,Salary
1,Shohei Ohtani,"LAD, DH/SP","$70,000,000"
2,Juan Soto,"NYM, RF","$51,000,000"
3,Zack Wheeler,"PHI, SP/SP1","$42,000,000"
4,Alex Bregman,"BOS, 3B","$40,000,000"
,Aaron Judge,"NYY, RF","$40,000,000"
6,Jacob deGrom,"TEX, SP","$37,000,000"
7,Blake Snell,"LAD, SP/SP3","$36,400,000"
8,Gerrit Cole,"NYY, SP","$36,000,000"
9,Mike Trout,"LAA, RF","$35,541,667"
10,Corbin Burnes,"ARI, SP/SP1","$35,000,000"
,Anthony Rendon,"LAA, 3B","$35,000,000"
12,Francisco Lindor,"NYM, SS","$34,100,000"
13,Carlos Correa,"HOU, 3B","$33,333,333"
14,Nolan Arenado,"STL, 3B","$32,500,000"
,Corey Seager,"TEX, SS","$32,500,000"
16,Manny Machado,"SD, 3B","$31,818,182"
17,Rafael Devers,"SF, DH","$31,350,000"
18,Mookie Betts,"LAD, SS","$30,416,667"
19,Vladimir Guerrero Jr.,"TOR, 1B","$28,500,000"
20,Tyler Glasnow,"LAD, SP","$27,312,500"
21,Trea Turner,"PHI, SS","$27,272,727"
22,Max Fried,"NYY, SP/SP2","$27,250,000"
23,Yoshinobu Yamamoto,"LAD, SP","$27,083,333"
24,Pete Alonso,"NYM, 1B","$27,000,000"
,Freddie Freeman,"LAD, 1B","$27,000,000"
,Carlos Rodon,"NYY, SP","$27,000,000"
27,Christian Yelich,"MIL, DH","$26,928,571"
28,Cody Bellinger,"NYY, CF","$26,666,667"
29,Bobby Witt Jr.,"KC, SS","$26,252,525"
30,Willy Adames,"SF, SS","$26,000,000"
,Kris Bryant,"COL, DH","$26,000,000"
32,Xander Bogaerts,"SD, SS","$25,454,545"
33,Bryce Harper,"PHI, 1B","$25,384,615"
34,Dansby Swanson,"CHC, SS","$25,285,714"
35,Matt Chapman,"SF, 3B","$25,166,667"
36,Jose Altuve,"HOU, LF","$25,000,000"
,Nathan Eovaldi,"TEX, SP/SP1","$25,000,000"
,Sonny Gray,"STL, SP","$25,000,000"
,Sean Manaea,"NYM, SP","$25,000,000"
,Jordan Montgomery,"MIL, SP","$25,000,000"
,Marcus Semien,"TEX, 2B","$25,000,000"
,George Springer,"TOR, CF","$25,000,000"
,Giancarlo Stanton,"NYY, DH","$25,000,000"
44,Aaron Nola,"PHI, SP/SP2","$24,571,429"
45,Fernando Tatis Jr.,"SD, RF","$24,285,714"
46,Javier Báez,"DET, 3B","$23,333,333"
,Trevor Story,"BOS, SS","$23,333,333"
48,J.T. Realmuto,"PHI, C","$23,100,000"
49,Robbie Ray,"SF, SP","$23,000,000"
50,Luis Severino,"ATH, SP/SP3","$22,333,333"
51,Kevin Gausman,"TOR, SP","$22,000,000"
,Teoscar Hernandez,"LAD, RF","$22,000,000"
53,Luis Castillo,"SEA, SP","$21,600,000"
54,Yusei Kikuchi,"LAA, SP","$21,225,000"
55,Austin Riley,"ATL, 3B","$21,200,000"
56,Nick Martinez,"CIN, RP","$21,050,000"
57,Chris Bassitt,"TOR, SP","$21,000,000"
,Matt Olson,"ATL, 1B","$21,000,000"
59,Salvador Perez,"KC, C","$20,500,000"
60,Edwin Diaz,"NYM, RP","$20,400,000"
61,Ian Happ,"CHC, LF","$20,333,333"
62,Brandon Nimmo,"NYM, LF","$20,250,000"
63,José Ramírez,"CLE, 3B","$20,142,857"
64,Nick Castellanos,"PHI, RF","$20,000,000"
,Joe Musgrove,"SD, SP","$20,000,000"
,Eduardo Rodriguez,"ARI, SP/SP1","$20,000,000"
,Christian Walker,"HOU, 1B","$20,000,000"
68,Kyle Schwarber,"PHI, DH","$19,750,000"
69,Starling Marte,"NYM, RF","$19,500,000"
70,Ketel Marte,"ARI, 2B","$19,416,667"
71,Lucas Giolito,"BOS, SP/SP2","$19,250,000"
72,Yordan Alvarez,"HOU, DH/LF","$19,166,667"
73,Josh Hader,"HOU, RP","$19,000,000"
,Chris Sale,"ATL, SP/SP2","$19,000,000"
75,Jung Hoo Lee,"SF, CF","$18,833,333"
76,José Berríos,"TOR, SP","$18,714,286"
77,Miles Mikolas,"STL, SP","$18,583,333"
78,Joc Pederson,"TEX, DH","$18,500,000"
,Anthony Santander,"TOR, LF","$18,500,000"
80,Pablo López,"MIN, SP","$18,375,000"
81,Yu Darvish,"SD, SP","$18,000,000"
,Tanner Scott,"LAD, RP/SU7","$18,000,000"
,Framber Valdez,"HOU, SP/SP3","$18,000,000"
,Taijuan Walker,"PHI, SP","$18,000,000"
,Logan Webb,"SF, SP","$18,000,000"
,Masataka Yoshida,"BOS, DH","$18,000,000"
87,Willson Contreras,"STL, 1B","$17,500,000"
,Jack Flaherty,"DET, SP","$17,500,000"
,Cal Raleigh,"SEA, C","$17,500,000"
90,Julio Rodriguez,"SEA, CF","$17,441,667"
91,Michael Conforto,"LAD, LF","$17,000,000"
,Rhys Hoskins,"MIL, 1B","$17,000,000"
,Lance McCullers,"HOU, SP","$17,000,000"
,Frankie Montas,"NYM, SP","$17,000,000"
,Seiya Suzuki,"CHC, DH","$17,000,000"
,Jameson Taillon,"CHC, SP","$17,000,000"
,Michael Wacha,"KC, SP/SP5","$17,000,000"
98,Wander Franco,"TB, SS","$16,545,455"
99,Tyler O'Neill,"BAL, RF","$16,500,000"
,Kyle Tucker,"CHC, RF","$16,500,000"
101,Marcell Ozuna,"ATL, DH","$16,250,000"
102,David Robertson,"PHI, RP/CL","$15,942,857"
103,Max Scherzer,"TOR, SP/SP2","$15,500,000"
104,Mitch Keller,"PIT, SP","$15,400,000"
105,Andres Gimenez,"TOR, 2B","$15,214,286"
106,Andrew Benintendi,"CHW, DH","$15,000,000"
,Alex Cobb,"DET, SP/SP4","$15,000,000"
,Seth Lugo,"KC, SP","$15,000,000"
,Kodai Senga,"NYM, SP","$15,000,000"
,Gleyber Torres,"DET, 2B","$15,000,000"
,Justin Verlander,"SF, SP/SP1","$15,000,000"
112,Tommy Edman,"LAD, 2B","$14,800,000"
113,Matthew Boyd,"CHC, SP/SP1","$14,500,000"
,Raisel Iglesias,"ATL, RP","$14,500,000"
,Ha-seong Kim,"ATL, SS","$14,500,000"
116,Byron Buxton,"MIN, CF","$14,285,714"
117,Luis Arraez,"SD, 1B/DH/2B","$14,000,000"
,Jon Gray,"TEX, SP","$14,000,000"
,Lourdes Gurriel Jr.,"ARI, LF","$14,000,000"
,Jurickson Profar,"ATL, LF","$14,000,000"
,Will Smith,"LAD, C","$14,000,000"
,Jorge Soler,"LAA, DH","$14,000,000"
123,Corbin Carroll,"ARI, RF","$13,875,000"
124,Dylan Cease,"SD, SP/SP3","$13,750,000"
,Nick Pivetta,"SD, SP","$13,750,000"
126,Zac Gallen,"ARI, SP/SP1","$13,500,000"
127,Bryan Reynolds,"PIT, RF","$13,343,750"
128,Zach Eflin,"BAL, SP","$13,333,333"
129,Shota Imanaga,"CHC, SP","$13,250,000"
130,Tyler Anderson,"LAA, SP","$13,000,000"
,Shane Bieber,"TOR, SP/SP1","$13,000,000"
,Tomoyuki Sugano,"BAL, SP","$13,000,000"
,Kirby Yates,"LAD, RP","$13,000,000"
134,Kyle Freeland,"COL, SP","$12,900,000"
135,Cristian Javier,"HOU, SP","$12,800,000"
136,Clay Holmes,"NYM, SP","$12,666,667"
137,Ronald Acuña Jr.,"ATL, RF","$12,500,000"
,Paul Goldschmidt,"NYY, 1B","$12,500,000"
,Jeff McNeil,"NYM, 2B","$12,500,000"
,Spencer Strider,"ATL, SP","$12,500,000"
141,Sean Murphy,"ATL, C","$12,166,667"
142,Mitch Garver,"SEA, C","$12,000,000"
,Max Muncy,"LAD, 3B","$12,000,000"
,Brent Rooker,"ATH, DH","$12,000,000"
145,Nico Hoerner,"CHC, 2B","$11,666,667"
,Ryan McMahon,"NYY, 3B","$11,666,667"
147,Rafael Montero,"DET, RP","$11,500,000"
148,Jake Cronenworth,"SD, 2B","$11,428,571"
149,Randy Arozarena,"SEA, LF","$11,300,000"
150,Sandy Alcantara,"MIA, SP","$11,200,000"
,Bo Bichette,"TOR, SS","$11,200,000"
152,Carlos Estevez,"KC, RP","$11,100,000"
153,Jordan Hicks,"BOS, RP","$11,000,000"
,Jeff Hoffman,"TOR, RP","$11,000,000"
,Tyler Mahle,"TEX, SP/SP2","$11,000,000"
,Steven Matz,"BOS, RP","$11,000,000"
,A.J. Minter,"NYM, RP/SU8","$11,000,000"
,Taylor Rogers,"CHC, RP","$11,000,000"
,Robert Stephenson,"LAA, RP/SU7","$11,000,000"
,Blake Treinen,"LAD, RP","$11,000,000"
161,Josh Naylor,"SEA, 1B/OF","$10,900,000"
162,Aroldis Chapman,"BOS, RP/SU8","$10,750,000"
163,Jackson Chourio,"MIL, LF/RF","$10,250,000"
164,J.P. Crawford,"SEA, SS","$10,200,000"
165,Tarik Skubal,"DET, SP","$10,150,000"
166,Antonio Senzatela,"COL, RP","$10,100,000"
167,Kenley Jansen,"LAA, RP/CL","$10,000,000"
,Max Kepler,"PHI, LF","$10,000,000"
,Andrew Kittredge,"CHC, RP","$10,000,000"
,Jose Leclerc,"ATH, RP","$10,000,000"
,Reynaldo López,"ATL, SP","$10,000,000"
,Germán Márquez,"COL, SP/SP1","$10,000,000"
,Christian Vazquez,"MIN, C","$10,000,000"
174,Tanner Bibee,"CLE, SP","$9,600,000"
175,Eugenio Suarez,"SEA, 3B","$9,428,571"
176,Lawrence Butler,"ATH, RF","$9,357,143"
177,Mike Yastrzemski,"KC, RF","$9,250,000"
178,Robert Suarez,"SD, RP","$9,200,000"
179,Brayan Bello,"BOS, SP","$9,166,667"
180,Patrick Sandoval,"BOS, SP/SP3","$9,125,000"
181,Ezequiel Tovar,"COL, SS","$9,071,429"
182,Michael Harris II,"ATL, CF","$9,000,000"
,Merrill Kelly,"TEX, SP","$9,000,000"
,Michael Soroka,"CHC, RP","$9,000,000"
185,Hunter Greene,"CIN, SP","$8,833,333"
186,Ranger Suarez,"PHI, SP","$8,800,000"
187,Ke'Bryan Hayes,"CIN, 3B","$8,750,000"
,Brady Singer,"CIN, SP/SP3","$8,750,000"
,Brandon Woodruff,"MIL, SP/SP2","$8,750,000"
190,Cedric Mullins,"NYM, CF","$8,725,000"
191,Joe Jimenez,"ATL, RP","$8,666,667"
192,Devin Williams,"NYY, RP/CL","$8,600,000"
193,Danny Jansen,"MIL, C","$8,500,000"
,Jordan Romano,"PHI, RP/CL","$8,500,000"
,Gary Sánchez,"BAL, C","$8,500,000"
196,Luis Robert Jr.,"CHW, CF","$8,333,333"
197,Ryan Helsley,"NYM, RP/CL","$8,200,000"
,Daulton Varsho,"TOR, LF/C","$8,200,000"
199,Aaron Civale,"CHC, RP","$8,000,000"
,Yandy Diaz,"TB, 1B","$8,000,000"
,Emilio Pagan,"CIN, RP","$8,000,000"
202,Lane Thomas,"CLE, CF","$7,825,000"
,Taylor Ward,"LAA, LF","$7,825,000"
204,Tommy Kahnle,"DET, RP","$7,750,000"
,Michael King,"SD, SP","$7,750,000"
,Jorge Polanco,"SEA, 2B","$7,750,000"
,Jeffrey Springs,"ATH, SP","$7,750,000"
208,Alec Bohm,"PHI, 3B","$7,700,000"
209,Logan Gilbert,"SEA, SP/SP4","$7,625,000"
210,Nestor Cortes,"SD, SP","$7,600,000"
211,Kristian Campbell,"BOS, 2B","$7,500,000"
,Yimi Garcia,"TOR, RP/SU7","$7,500,000"
,Clayton Kershaw,"LAD, SP/SP1","$7,500,000"
,Isiah Kiner-Falefa,"TOR, SS/3B","$7,500,000"
,Matt Strahm,"PHI, RP","$7,500,000"
,Jesse Winker,"NYM, DH","$7,500,000"
217,Jose Alvarado,"PHI, RP","$7,333,333"
218,Pierce Johnson,"ATL, RP/SU8","$7,125,000"
219,Adolis García,"TEX, RF","$7,000,000"
,Michael Lorenzen,"KC, SP","$7,000,000"
,Paul Sewald,"DET, RP/CL","$7,000,000"
,Trevor Williams,"WSH, SP","$7,000,000"
223,Ryan Mountcastle,"BAL, 1B","$6,787,000"
224,Kyle Higashioka,"TEX, C","$6,750,000"
225,Jesús Luzardo,"PHI, SP","$6,625,000"
,Isaac Paredes,"HOU, 3B","$6,625,000"
227,Justin Steele,"CHC, SP/SP1","$6,550,000"
228,Aaron Bummer,"ATL, RP","$6,500,000"
,Enrique Hernandez,"LAD, OF","$6,500,000"
230,Willi Castro,"CHC, 2B","$6,400,000"
,Yariel Rodriguez,"TOR, RP","$6,400,000"
232,Harrison Bader,"PHI, LF","$6,250,000"
,Ceddanne Rafaela,"BOS, CF","$6,250,000"
,Keibert Ruiz,"WSH, C","$6,250,000"
235,William Contreras,"MIL, C","$6,100,000"
,Evan Phillips,"LAD, RP/CL","$6,100,000"
237,Josh Bell,"WSH, DH/1B","$6,000,000"
,Victor Caratini,"HOU, C","$6,000,000"
,Kyle Finnegan,"DET, RP/CL","$6,000,000"
,Justin Turner,"CHC, 3B","$6,000,000"
,Travis d'Arnaud,"LAA, C","$6,000,000"
242,Luis Rengifo,"LAA, 2B","$5,950,000"
243,David Bednar,"NYY, RP","$5,900,000"
244,Jazz Chisholm,"NYY, 2B","$5,850,000"
,Andrew Vaughn,"MIL, 1B/OF","$5,850,000"
246,Carson Kelly,"CHC, C","$5,750,000"
247,Zack Littell,"CIN, SP","$5,720,000"
248,Cristopher Sanchez,"PHI, SP","$5,625,000"
249,Yuki Matsui,"SD, RP","$5,600,000"
250,Wilmer Flores,"SF, 1B","$5,500,000"
,Chris Martin,"TEX, RP/SU8","$5,500,000"
,Miguel Rojas,"LAD, SS","$5,500,000"
,Adley Rutschman,"BAL, C","$5,500,000"
254,Tony Gonsolin,"LAD, SP/SP3","$5,400,000"
255,Gregory Soto,"NYM, RP","$5,350,000"
256,Tyler Rogers,"NYM, RP/SU7","$5,250,000"
257,David Fletcher,"ATL, SS","$5,200,000"
,Michael Kopech,"LAD, RP","$5,200,000"
259,Ozzie Albies,"ATL, 2B","$5,000,000"
,Mauricio Dubon,"HOU, 2B","$5,000,000"
,Randal Grichuk,"KC, RF","$5,000,000"
,Trent Grisham,"NYY, CF","$5,000,000"
,Austin Hays,"CIN, LF","$5,000,000"
,Liam Hendriks,"BOS, RP/CL","$5,000,000"
,Jonathan Loaisiga,"NYY, RP","$5,000,000"
,Andrew McCutchen,"PIT, DH","$5,000,000"
,Yoan Moncada,"LAA, 3B","$5,000,000"
,Martín Pérez,"CHW, SP/SP5","$5,000,000"
,Colin Rea,"CHC, SP","$5,000,000"
,Myles Straw,"TOR, CF","$5,000,000"
271,Tyler Stephenson,"CIN, C","$4,925,000"
272,Victor Robles,"SEA, RF","$4,875,000"
273,Jason Adam,"SD, RP/SU8","$4,800,000"
274,Colt Keith,"DET, 2B/1B","$4,773,750"
275,Leody Taveras,"SEA, CF","$4,750,000"
276,Garrett Whitlock,"BOS, RP","$4,687,500"
277,David Peterson,"NYM, SP","$4,625,000"
278,Alejandro Kirk,"TOR, C","$4,600,000"
279,Jonah Heim,"TEX, C","$4,575,000"
280,Ryan Jeffers,"MIN, C","$4,550,000"
281,Camilo Doval,"NYY, RP/CL","$4,525,000"
282,Ryan Brasier,"CHC, RP","$4,500,000"
,Alexis Diaz,"ATL, RP","$4,500,000"
,Luis Garcia,"WSH, 2B","$4,500,000"
,Jake Junis,"CLE, RP","$4,500,000"
,Ryne Stanek,"NYM, RP","$4,500,000"
,Jesús Sánchez,"HOU, LF","$4,500,000"
288,Cole Ragans,"KC, SP","$4,416,667"
289,Jonathan India,"KC, DH","$4,400,000"
290,George Kirby,"SEA, SP","$4,300,000"
291,Griffin Canning,"NYM, SP","$4,250,000"
,Drew Rasmussen,"TB, SP/SP2","$4,250,000"
293,Steven Kwan,"CLE, LF","$4,175,000"
,Chris Paddack,"DET, RP","$4,175,000"
295,Hyeseong Kim,"LAD, 2B","$4,166,667"
296,Jhoan Duran,"PHI, RP/CL","$4,125,000"
,Tom Murphy,"SF, C","$4,125,000"
,Wandy Peralta,"SD, RP/SU7","$4,125,000"
299,Aaron Ashby,"MIL, RP","$4,100,000"
,Jeremy Pena,"HOU, SS","$4,100,000"
301,Tommy Pham,"PIT, LF","$4,025,000"
302,Emmanuel Clase,"CLE, RP","$4,000,000"
,Thairo Estrada,"COL, 2B","$4,000,000"
,Pete Fairbanks,"TB, RP","$4,000,000"
,Austin Hedges,"CLE, C","$4,000,000"
,Ramon Laureano,"SD, LF","$4,000,000"
,Brandon Lowe,"TB, 2B","$4,000,000"
,Jose Quintana,"MIL, SP/SP1","$4,000,000"
,Evan White,"LAA, 1B","$4,000,000"
310,Tanner Houck,"BOS, SP","$3,950,000"
311,Jarren Duran,"BOS, LF","$3,850,000"
312,Garrett Crochet,"BOS, SP","$3,800,000"
313,Hunter Harvey,"KC, RP/SU8","$3,700,000"
314,Seranthony Dominguez,"TOR, RP","$3,625,000"
315,Justin Martinez,"ARI, RP","$3,600,000"
,Shane McClanahan,"TB, SP/SP1","$3,600,000"
,Clarke Schmidt,"NYY, SP","$3,600,000"
318,Jorge Mateo,"BAL, SS","$3,550,000"
,Bailey Ober,"MIN, SP/SP1","$3,550,000"
320,Elias Diaz,"SD, C","$3,500,000"
,Ryan O'Hearn,"SD, DH","$3,500,000"
322,Bryan Abreu,"HOU, RP/SU7","$3,450,000"
323,Jose Trevino,"CIN, C","$3,425,000"
324,Chas McCormick,"HOU, RF","$3,400,000"
325,Gavin Lux,"CIN, LF","$3,325,000"
326,Kyle Farmer,"COL, SS","$3,250,000"
327,Bryson Stott,"PHI, 2B","$3,200,000"
328,Jason Foley,"DET, RP/SU8","$3,150,000"
,Ramon Urias,"HOU, 2B/SS","$3,150,000"
330,Jake Fraley,"ATL, RF","$3,125,000"
331,Freddy Peralta,"MIL, SP","$3,100,000"
332,Tyrone Taylor,"NYM, CF","$3,025,000"
333,Matt Vierling,"DET, RF","$3,005,000"
334,Miguel Andujar,"CIN, OF/1B","$3,000,000"
,Kris Bubic,"KC, SP","$3,000,000"
,Danny Coulombe,"TEX, RP/SU7","$3,000,000"
,Caleb Ferguson,"SEA, RP/SU8","$3,000,000"
,Jose Iglesias,"SD, 3B","$3,000,000"
,Brandon Marsh,"PHI, CF","$3,000,000"
,Joe Ryan,"MIN, SP/SP2","$3,000,000"
,Edmundo Sosa,"PHI, 3B","$3,000,000"
342,Joel Payamps,"ATL, RP","$2,995,000"
343,Ryan Thompson,"ARI, RP","$2,965,000"
344,Dean Kremer,"BAL, SP/SP3","$2,950,000"
,Lars Nootbaar,"STL, LF","$2,950,000"
,A.J. Puk,"ARI, RP/CL","$2,950,000"
347,MacKenzie Gore,"WSH, SP","$2,890,000"
348,Brendan Donovan,"STL, 2B","$2,850,000"
,Tim Hill,"NYY, RP","$2,850,000"
350,Brusdar Graterol,"LAD, RP","$2,800,000"
351,Kutter Crawford,"BOS, SP/SP3","$2,750,000"
,Derek Law,"WSH, RP","$2,750,000"
,Caleb Thielbar,"CHC, RP","$2,750,000"
354,Dane Dunning,"ATL, RP","$2,660,000"
355,MJ Melendez,"KC, LF/C","$2,650,000"
356,Jake Rogers,"DET, C","$2,640,000"
357,Trevor Rogers,"BAL, SP/SP2","$2,600,000"
358,Geraldo Perdomo,"ARI, SS","$2,550,000"
359,Scott Barlow,"CIN, RP/SU8","$2,500,000"
,Kyle Hendricks,"LAA, SP","$2,500,000"
,Wade Miley,"CIN, SP/SP2","$2,500,000"
,Hoby Milner,"TEX, RP","$2,500,000"
,Trevor Stephan,"CLE, RP","$2,500,000"
,Brent Suter,"CIN, RP","$2,500,000"
365,Kevin Ginkel,"ARI, RP/SU8","$2,425,000"
366,Santiago Espinal,"CIN, 3B","$2,400,000"
,Jose Siri,"NYM, CF","$2,400,000"
368,Griffin Jax,"TB, RP/SU7","$2,365,000"
369,Kyle Bradish,"BAL, SP","$2,350,000"
370,Casey Mize,"DET, SP","$2,340,000"
371,Jarred Kelenic,"ATL, RF","$2,300,000"
,Jake Meyers,"HOU, CF","$2,300,000"
,John Schreiber,"KC, RP/SU8","$2,300,000"
,Alex Vesia,"LAD, RP","$2,300,000"
375,Ryan Feltner,"COL, SP","$2,275,000"
376,JoJo Romero,"STL, RP","$2,260,000"
377,Ben Lively,"CLE, SP","$2,250,000"
,Justin Wilson,"BOS, RP","$2,250,000"
379,Bailey Falter,"KC, SP","$2,222,000"
380,Eric Lauer,"TOR, RP","$2,200,000"
,Alek Manoah,"ATL, SP/SP4","$2,200,000"
382,Dustin May,"BOS, SP","$2,135,000"
383,Jo Adell,"LAA, CF","$2,100,000"
,Trevor Larnach,"MIN, DH","$2,100,000"
,Andre Pallante,"STL, SP","$2,100,000"
386,Tyler Kinley,"ATL, RP","$2,083,333"
387,Tyler Wells,"BAL, SP","$2,075,000"
388,Mark Leiter Jr.,"NYY, RP","$2,050,000"
389,Phil Maton,"TEX, RP","$2,000,000"
,Adrian Morejon,"SD, RP","$2,000,000"
,Rob Refsnyder,"BOS, RF","$2,000,000"
,Brendan Rodgers,"HOU, 2B","$2,000,000"
,Amed Rosario,"NYY, SS","$2,000,000"
,Trent Thornton,"SEA, RP","$2,000,000"
,Luke Weaver,"NYY, RP","$2,000,000"
,Ryan Yarbrough,"NYY, RP","$2,000,000"
397,Nick Lodolo,"CIN, SP","$1,975,000"
,Tylor Megill,"NYM, SP","$1,975,000"
399,Ernie Clement,"TOR, 3B","$1,970,000"
400,Edward Cabrera,"MIA, SP","$1,950,000"
,Triston McKenzie,"CLE, RP","$1,950,000"
,Mike Tauchman,"CHW, RF","$1,950,000"
,Michael A. Taylor,"CHW, RF","$1,950,000"
404,Trevor Megill,"MIL, RP","$1,940,000"
405,Luis Garcia,"HOU, SP/SP4","$1,875,000"
,Andres Munoz,"SEA, RP","$1,875,000"
407,Nick Fortes,"TB, C","$1,860,000"
408,Randy Dobnak,"DET, RP","$1,850,000"
,Brooks Raley,"NYM, RP/SU7","$1,850,000"
410,Reid Detmers,"LAA, RP","$1,825,000"
411,Kyle Wright,"KC, SP","$1,800,000"
412,Kyle Isbel,"KC, CF","$1,750,000"
,Shinnosuke Ogasawara,"WSH, RP","$1,750,000"
,Austin Slater,"NYY, LF","$1,750,000"
415,Zach McKinstry,"DET, 3B","$1,650,000"
416,Nick Sandlin,"TOR, RP","$1,630,000"
417,Royce Lewis,"MIN, 3B","$1,625,000"
418,John King,"STL, RP","$1,605,000"
419,Gavin Sheets,"SD, DH","$1,600,000"
420,Braxton Garrett,"MIA, SP","$1,530,000"
421,Adam Frazier,"KC, 2B/RF/DH","$1,525,000"
422,Miguel Castro,"CHW, RP/SU7","$1,500,000"
,Mike Clevinger,"CHW, RP","$1,500,000"
,Kyle Hart,"SD, RP","$1,500,000"
,Colin Holderman,"PIT, RP/SU8","$1,500,000"
,Brad Keller,"CHC, RP","$1,500,000"
,Luke Maile,"KC, C","$1,500,000"
,Reese McGuire,"CHC, C","$1,500,000"
,Drew Pomeranz,"CHC, RP","$1,500,000"
,Pavin Smith,"ARI, DH","$1,500,000"
,Luis Torrens,"NYM, C","$1,500,000"
432,Keegan Akin,"BAL, RP","$1,475,000"
433,Shane Baz,"TB, SP","$1,450,000"
434,Anthony Bender,"MIA, RP","$1,420,000"
435,Jacob Barnes,"TOR, RP","$1,400,000"
,Jake Bauers,"MIL, 1B/OF","$1,400,000"
,Andy Ibanez,"DET, 2B","$1,400,000"
,Dennis Santana,"PIT, RP","$1,400,000"
,Dillon Tate,"TOR, RP","$1,400,000"
,Will Vest,"DET, RP","$1,400,000"
,Taylor Walls,"TB, SS","$1,400,000"
442,Sam Hentges,"CLE, RP","$1,377,500"
443,Adrian Houser,"TB, SP","$1,375,000"
444,Josiah Gray,"WSH, SP/SP3","$1,350,000"
,Yulieski Gurriel,"SD, 1B","$1,350,000"
,Eric Haase,"MIL, C","$1,350,000"
,Nick Madrigal,"NYM, 2B","$1,350,000"
448,Ian Gibaut,"CIN, RP","$1,300,000"
,Manuel Margot,"DET, CF","$1,300,000"
450,Shawn Armstrong,"TEX, RP","$1,250,000"
,Jalen Beeks,"ARI, RP","$1,250,000"
,Mickey Moniak,"COL, CF","$1,250,000"
,Jacob Webb,"TEX, RP","$1,250,000"
454,Jose Ruiz,"TEX, RP","$1,225,000"
,Justin Topa,"MIN, RP/SU8","$1,225,000"
456,Garrett Cleavinger,"TB, RP","$1,200,000"
,Steven Okert,"HOU, RP","$1,200,000"
,Cionel Perez,"BAL, RP","$1,200,000"
459,Joey Bart,"PIT, C","$1,175,000"
460,Carlos Hernandez,"CLE, RP","$1,160,000"
461,Brock Burke,"LAA, RP","$1,150,000"
,Jared Young,"NYM, 1B","$1,150,000"
463,Ben Rortvedt,"LAD, C","$1,125,000"
464,Scott Blewett,"BAL, RP","$1,100,000"
,Patrick Corbin,"TEX, SP","$1,100,000"
,Josh Sborz,"TEX, RP","$1,100,000"
,José Suarez,"ATL, RP","$1,100,000"
,Austin Wynns,"ATH, C","$1,100,000"
469,Jose Quijada,"LAA, RP/SU8","$1,075,000"
470,Bryse Wilson,"CHW, RP","$1,050,000"
471,Beau Brieske,"DET, RP","$1,025,000"
,Dylan Lee,"ATL, RP","$1,025,000"
473,Sam Moll,"CIN, RP","$1,007,500"
474,Kolby Allard,"CLE, RP","$1,000,000"
,Anthony Banda,"LAD, RP","$1,000,000"
,Félix Bautista,"BAL, RP/CL","$1,000,000"
,Luis Campusano,"SD, C","$1,000,000"
,Andrew Chafin,"LAA, RP","$1,000,000"
,Taylor Clarke,"KC, RP","$1,000,000"
,Cooper Criswell,"BOS, RP","$1,000,000"
,J.D. Davis,"LAA, 3B/LF","$1,000,000"
,Paul DeJong,"WSH, 3B","$1,000,000"
,Chris Devenski,"NYM, RP","$1,000,000"
,Ty France,"TOR, 1B","$1,000,000"
,Rich Hill,"KC, RP","$1,000,000"
,Sam Hilliard,"COL, CF","$1,000,000"
,Connor Joe,"CIN, 1B/RF","$1,000,000"
,Sandy León,"ATL, C","$1,000,000"
,Richard Lovelady,"NYM, RP","$1,000,000"
,James McCann,"ARI, C","$1,000,000"
,Billy McKinney,"TEX, OF","$1,000,000"
,John Means,"CLE, SP","$1,000,000"
,Shelby Miller,"MIL, RP","$1,000,000"
,Sean Newcomb,"ATH, RP","$1,000,000"
,Emmanuel Rivera,"BAL, 3B","$1,000,000"
,Tony Santillan,"CIN, RP","$1,000,000"
,Jon Singleton,"HOU, 1B","$1,000,000"
,Drew Smith,"NYM, RP","$1,000,000"
,D.J. Stewart,"PIT, 1B","$1,000,000"
,Hunter Strickland,"LAA, RP","$1,000,000"
,Rowdy Tellez,"TEX, DH","$1,000,000"
,Matt Thaiss,"TB, C/1B","$1,000,000"
,Michael Tonkin,"MIN, RP","$1,000,000"
,Abraham Toro,"BOS, 1B","$1,000,000"
,José Urquidy,"DET, RP","$1,000,000"
,Ildemaro Vargas,"ARI, 2B","$1,000,000"
507,Tim Mayza,"PHI, RP","$976,876"
508,Dylan Carlson,"BAL, LF","$975,000"
,Justin Lawrence,"PIT, RP/CL","$975,000"
510,Nick Mears,"MIL, RP","$963,000"
511,Reed Garrett,"NYM, RP","$950,000"
,Sam Long,"KC, RP","$950,000"
,Eli Morgan,"CHC, RP","$950,000"
,Steven Wilson,"CHW, RP","$950,000"
515,Andrew Knizner,"SF, C","$943,548"
,Dominic Smith,"SF, 1B/LF","$943,548"
517,Ian Hamilton,"NYY, RP","$941,050"
518,Tayler Saucedo,"SEA, RP","$937,500"
519,Ricky Vanasco,"DET, RP","$925,000"
520,Justin Anderson,"CHW, RP","$900,000"
,Tyler Gilbert,"CHW, RP","$900,000"
,Sam Haggerty,"TEX, 2B","$900,000"
,Brooks Kriske,"MIN, RP","$900,000"
,Nick Maton,"CHW, 3B/SS","$900,000"
,Elvin Rodriguez,"ARI, RP","$900,000"
,Cole Sulser,"TB, RP","$900,000"
,Tyler Wade,"SD, SS","$900,000"
528,Eduard Bazardo,"SEA, RP","$892,700"
529,Anthony Volpe,"NYY, SS","$879,000"
530,Paul Skenes,"PIT, SP","$875,000"
531,Hunter Brown,"HOU, SP","$870,000"
,Brock Stewart,"LAD, RP","$870,000"
533,Bryan De La Cruz,"NYY, RF","$860,000"
534,Joey Lucchesi,"SF, RP","$854,839"
535,Riley Adams,"WSH, C","$850,000"
,Akil Baddoo,"DET, LF","$850,000"
,Nick Burdi,"BOS, RP","$850,000"
,John Curtiss,"ARI, RP","$850,000"
,Michael Fulmer,"CHC, RP","$850,000"
,Justin Hagenman,"NYM, SP","$850,000"
,Jesse Hahn,"SEA, RP","$850,000"
,Jimmy Herget,"COL, RP","$850,000"
,Nick Martini,"COL, RF","$850,000"
,Omar Narváez,"CHW, C","$850,000"
,Johan Oviedo,"PIT, SP","$850,000"
,Tanner Rainey,"DET, RP","$850,000"
,Trevor Richards,"ARI, RP","$850,000"
,Keegan Thompson,"CHC, RP","$850,000"
549,Jorge Alcala,"STL, RP/SU7","$845,000"
,Gabe Speier,"SEA, RP","$845,000"
551,Jake Cousins,"NYY, RP","$841,050"
552,Derek Hill,"CHW, CF","$831,000"
,Jesus Tinoco,"MIA, RP","$831,000"
554,Oswaldo Cabrera,"NYY, 3B","$825,600"
555,Kyle Nelson,"ARI, RP","$825,000"
,Ryne Nelson,"ARI, SP","$825,000"
,Albert Suarez,"BAL, RP","$825,000"
,Danny Young,"NYM, RP","$825,000"
559,Andres Chaparro,"WSH, 3B","$821,800"
560,Connor Gillispie,"MIN, SP","$820,000"
561,Edwin Uceta,"TB, RP","$815,000"
562,Riley Greene,"DET, LF","$812,400"
563,Jahmai Jones,"DET, OF","$810,000"
564,Jackson Merrill,"SD, CF","$809,500"
565,Yainer Diaz,"HOU, C","$805,600"
566,Luis Gil,"NYY, SP","$804,125"
567,Jake McCarthy,"ARI, CF","$803,900"
568,Ronel Blanco,"HOU, SP","$802,700"
569,Blake Perkins,"MIL, RF","$802,500"
570,Austin Wells,"NYY, C","$801,400"
571,Grant Anderson,"MIL, RP","$800,000"
,Valente Bellozo,"MIA, RP","$800,000"
,Scott Effross,"NYY, RP","$800,000"
,Bryce Elder,"ATL, SP","$800,000"
,Hogan Harris,"ATH, RP","$800,000"
,Easton Lucas,"TOR, SP","$800,000"
,Justyn-Henry Malloy,"DET, DH","$800,000"
,Darren McCaughan,"MIN, RP","$800,000"
,Bryce Miller,"SEA, SP","$800,000"
,James Outman,"MIN, CF","$800,000"
,Angel Perdomo,"ATH, RP","$800,000"
,Enmanuel Valdez,"PIT, 2B","$800,000"
,Justin Wrobleski,"LAD, RP","$800,000"
584,Brandon Pfaadt,"ARI, SP","$799,400"
585,Tyler Holton,"DET, RP","$797,700"
586,Kerry Carpenter,"DET, RF","$796,800"
587,Francisco Alvarez,"NYM, C","$795,000"
588,Spencer Arrighetti,"HOU, SP","$794,200"
589,Javier Assad,"CHC, RP","$793,250"
,Vinnie Pasquantino,"KC, 1B","$793,250"
591,Gabriel Moreno,"ARI, C","$793,000"
,Alek Thomas,"ARI, CF","$793,000"
593,Bo Naylor,"CLE, C","$790,300"
594,Michael Massey,"KC, 2B","$790,250"
595,Ian Anderson,"ATL, RP","$790,000"
,Jake Burger,"TEX, 1B/3B/DH","$790,000"
,Michael Grove,"LAD, RP","$790,000"
,Logan O'Hoppe,"LAA, C","$790,000"
,Jose Soriano,"LAA, SP","$790,000"
,Eli White,"ATL, OF","$790,000"
,Connor Wong,"BOS, C","$790,000"
602,Mark Vientos,"NYM, 3B","$788,750"
603,Luke Raley,"SEA, 1B","$787,400"
604,Reese Olson,"DET, SP","$787,100"
605,Ryan Burr,"TOR, RP","$786,000"
606,Spencer Torkelson,"DET, 1B","$785,700"
607,Tanner Banks,"PHI, RP","$785,500"
608,Cade Smith,"CLE, RP","$785,100"
609,Fernando Cruz,"NYY, RP","$785,000"
,Oneil Cruz,"PIT, CF/SS","$785,000"
,Lucas Gilbreath,"COL, RP","$785,000"
,Dauri Moreta,"PIT, RP","$785,000"
,Jack Suwinski,"PIT, CF","$785,000"
,Austin Warren,"NYM, RP","$785,000"
615,Jose Butto,"SF, RP","$784,250"
616,Bryan Hoeing,"SD, RP","$784,000"
617,Vidal Brujan,"ATL, 2B","$783,500"
618,Bryan Woo,"SEA, SP","$783,300"
619,Jose Miranda,"MIN, 3B","$783,100"
620,Andrew Nardi,"MIA, RP","$783,000"
621,Nolan Gorman,"STL, 3B","$782,900"
622,Ben Rice,"NYY, DH","$782,800"
623,Luis Ortiz,"CLE, SP","$782,600"
624,Miguel Amaya,"CHC, C","$782,500"
,Daniel Lynch,"KC, RP","$782,500"
626,Gunnar Henderson,"BAL, SS","$782,300"
627,Alex Lange,"DET, RP/CL","$782,200"
628,David Fry,"CLE, C","$781,900"
629,Tobias Myers,"MIL, RP","$781,800"
630,Freddy Fermin,"SD, C","$781,750"
631,Parker Meadows,"DET, CF","$781,600"
632,Bowden Francis,"TOR, SP","$781,500"
633,CJ Abrams,"WSH, SS","$780,600"
634,Michael Busch,"CHC, 1B","$780,500"
,Josh Jung,"TEX, 3B","$780,500"
,Rafael Marchán,"PHI, C","$780,500"
,Josh H. Smith,"TEX, SS/3B","$780,500"
638,Tyler Heineman,"TOR, C","$780,300"
,Gavin Williams,"CLE, SP","$780,300"
640,Wilyer Abreu,"BOS, RF","$780,000"
,Nick Allen,"ATL, SS","$780,000"
,Graham Ashcraft,"CIN, RP","$780,000"
,Sam Bachman,"LAA, RP","$780,000"
,Patrick Bailey,"SF, C","$780,000"
,Tyler Fitzgerald,"SF, 2B","$780,000"
,T.J. Friedl,"CIN, CF","$780,000"
,David Hamilton,"BOS, SS","$780,000"
,Sam Huff,"SF, C","$780,000"
,Ben Joyce,"LAA, RP","$780,000"
,Luis Matos,"SF, OF","$780,000"
,Erik Miller,"SF, RP","$780,000"
,Penn Murfee,"CHW, RP","$780,000"
,Zach Neto,"LAA, SS","$780,000"
,Heliot Ramos,"SF, LF","$780,000"
,Nolan Schanuel,"LAA, 1B","$780,000"
,Casey Schmitt,"SF, 3B","$780,000"
,Davis Schneider,"TOR, 3B","$780,000"
,Emmet Sheehan,"LAD, SP","$780,000"
,Spencer Steer,"CIN, 1B","$780,000"
,Gavin Stone,"LAD, SP","$780,000"
,Ryan Walker,"SF, RP","$780,000"
662,Hayden Wesneski,"HOU, SP","$779,800"
663,Ryan Weathers,"MIA, SP","$779,100"
664,Angel Zerpa,"KC, RP","$779,000"
665,Hunter Gaddis,"CLE, RP","$778,900"
666,Alec Burleson,"STL, 1B/RF","$778,650"
667,Otto Lopez,"MIA, 2B","$778,500"
668,Cole Sands,"MIN, RP","$778,050"
669,Huascar Brazoban,"NYM, RP","$778,000"
,Ronny Henriquez,"MIA, RP","$778,000"
,Tyson Miller,"CHC, RP","$778,000"
672,Matt Brash,"SEA, RP","$777,600"
673,Tim Herrin,"CLE, RP","$777,300"
674,Logan Allen,"CLE, SP","$777,200"
675,Brice Turang,"MIL, 2B","$777,100"
676,José Caballero,"NYY, SS","$776,800"
,Bryan Hudson,"CHW, RP","$776,800"
678,Lucas Erceg,"KC, RP","$776,750"
679,Ezequiel Duran,"TEX, 2B","$776,500"
,Jeremiah Estrada,"SD, RP","$776,500"
681,Jared Koenig,"MIL, RP","$776,300"
682,Kevin Kelly,"TB, RP","$776,100"
683,Joey Ortiz,"MIL, SS","$776,000"
,Justin Slaten,"BOS, RP","$776,000"
685,Matthew Liberatore,"STL, SP","$775,800"
,Matt Waldron,"SD, SP","$775,800"
687,Tyler Freeman,"COL, 2B","$775,700"
,Richard Palacios,"TB, OF","$775,700"
689,Calvin Faucher,"MIA, RP","$775,500"
690,Josh Lowe,"TB, RF","$775,100"
691,Ji-Hwan Bae,"PIT, 2B","$775,000"
,Nick Gonzales,"PIT, 2B","$775,000"
,Jared Jones,"PIT, SP","$775,000"
,Carmen Mlodzinski,"PIT, RP","$775,000"
,Endy Rodríguez,"PIT, 1B","$775,000"
,Jared Triolo,"PIT, 3B","$775,000"
,Joey Wentz,"ATL, SP","$775,000"
698,Maikel Garcia,"KC, 3B","$774,750"
699,Jake Irvin,"WSH, SP","$774,600"
,Ryan Pepiot,"TB, SP","$774,600"
701,Colton Cowser,"BAL, CF","$774,500"
702,Taj Bradley,"MIN, SP","$774,200"
,Jasson Domínguez,"NYY, LF","$774,200"
704,Brett Baty,"NYM, 2B","$774,000"
,Brennan Bernardino,"BOS, RP","$774,000"
,Cody Bradford,"TEX, RP","$774,000"
,Triston Casas,"BOS, 1B/3B","$774,000"
,Romy Gonzalez,"BOS, 2B","$774,000"
,Greg Weissert,"BOS, RP","$774,000"
710,Elvis Peguero,"CHW, RP","$773,800"
711,James McArthur,"KC, RP/CL","$773,750"
712,Wyatt Langford,"TEX, LF","$773,500"
,Johan Rojas,"PHI, CF","$773,500"
714,Orion Kerkering,"PHI, RP","$773,000"
,Collin Snider,"SEA, RP","$773,000"
716,Yennier Cano,"BAL, RP/SU8","$772,900"
717,Randy Vasquez,"SD, SP","$772,800"
718,Edouard Julien,"MIN, 2B","$772,750"
719,Oswald Peraza,"LAA, SS","$772,700"
,Jordan Westburg,"BAL, 2B","$772,700"
721,Robert Garcia,"TEX, RP","$772,500"
722,Jared Shuster,"ATH, RP","$772,350"
723,Bryce Jarvis,"ARI, RP","$772,300"
724,Jose Herrera,"ARI, C","$772,200"
,Zack Thompson,"STL, SP","$772,200"
726,Dairon Blanco,"KC, OF","$772,000"
,Jonah Bride,"MIN, DH","$772,000"
,Xavier Edwards,"MIA, SS","$772,000"
,Garrett Mitchell,"MIL, CF","$772,000"
730,Sal Frelick,"MIL, LF","$771,800"
,Brendon Little,"TOR, RP","$771,800"
,Christopher Morel,"TB, LF","$771,800"
733,Zack Kelly,"BOS, RP","$771,500"
734,Gregory Santos,"SEA, RP","$771,100"
735,Kody Clemens,"MIN, 2B","$771,000"
,Pete Crow-Armstrong,"CHC, CF","$771,000"
,Max Kranick,"NYM, RP","$771,000"
,Korey Lee,"CHW, C","$771,000"
,Brayan Rocchio,"CLE, SS","$771,000"
740,Masyn Winn,"STL, SS","$770,850"
741,Grayson Rodriguez,"BAL, SP/SP2","$770,800"
,Jordan Walker,"STL, RF","$770,800"
743,Matt Wallner,"MIN, RF","$770,750"
744,Wenceel Perez,"DET, CF","$770,700"
745,Miguel Vargas,"CHW, 3B","$770,400"
746,Iván Herrera,"STL, C","$770,300"
747,Mike Siani,"STL, OF","$770,205"
748,Gabriel Arias,"CLE, 2B","$770,200"
749,Jonny DeLuca,"TB, CF","$770,100"
750,Andrew Abbott,"CIN, SP","$770,000"
,Ignacio Alvarez,"ATL, 3B","$770,000"
,Jake Bird,"NYY, RP/SU7","$770,000"
,J.J. Bleday,"ATH, LF","$770,000"
,Elly De La Cruz,"CIN, SS","$770,000"
,Shawn Dubin,"BAL, RP","$770,000"
,Jerar Encarnacion,"SF, OF","$770,000"
,Christian Encarnacion-Strand,"CIN, 1B","$770,000"
,Daysbel Hernández,"ATL, RP","$770,000"
,Grant Holmes,"ATL, SP","$770,000"
,Kyle Hurt,"LAD, RP","$770,000"
,Nolan Jones,"CLE, RF","$770,000"
,Scott Kingery,"LAA, 2B","$770,000"
,Jack Kochanowicz,"LAA, SP","$770,000"
,Shea Langeliers,"ATH, C","$770,000"
,Matt McLain,"CIN, 2B","$770,000"
,Kaleb Ort,"HOU, RP","$770,000"
,Andy Pages,"LAD, CF","$770,000"
,Kyren Paris,"LAA, SS","$770,000"
,Randy Rodriguez,"SF, RP","$770,000"
,River Ryan,"LAD, SP","$770,000"
,Spencer Schwellenbach,"ATL, SP","$770,000"
,JP Sears,"SD, SP","$770,000"
,AJ Smith-Shawver,"ATL, SP","$770,000"
,George Soriano,"MIA, RP","$770,000"
,Lenyn Sosa,"CHW, 2B/SS","$770,000"
,Mason Thompson,"WSH, RP","$770,000"
,Eric Wagaman,"MIA, 1B","$770,000"
,Ken Waldichuk,"ATH, SP","$770,000"
,Brandon Williamson,"CIN, SP","$770,000"
,Ryan Zeferjahn,"LAA, RP","$770,000"
781,Alex Faedo,"TB, RP","$769,900"
,J.P. France,"HOU, RP","$769,900"
783,Jhony Brito,"SD, RP","$769,500"
,Eury Pérez,"MIA, SP","$769,500"
785,Manuel Rodriguez,"TB, RP/SU7","$769,400"
786,Alex Call,"LAD, LF","$769,100"
,Jonathan Cannon,"CHW, SP","$769,100"
788,Alec Marsh,"KC, SP","$769,000"
,Dane Myers,"MIA, OF","$769,000"
790,Bryan Baker,"TB, RP","$768,700"
,Jacob Young,"WSH, CF","$768,700"
792,Ryan Fernandez,"STL, RP","$768,600"
,Jesse Scholtens,"TB, RP","$768,600"
794,Pedro Pages,"STL, C","$768,300"
795,Simeon Woods-Richardson,"MIN, SP","$768,250"
796,Cam Booser,"CHW, RP","$768,200"
,Kyle Stowers,"MIA, RF","$768,200"
798,Louie Varland,"TOR, RP","$768,150"
799,Miles Mastrobuoni,"SEA, LF","$768,000"
,Max Meyer,"MIA, SP","$768,000"
801,Will Warren,"NYY, SP","$767,600"
802,Spencer Horwitz,"PIT, 1B/2B","$767,500"
803,Mitchell Parker,"WSH, SP","$767,200"
804,Brant Hurter,"DET, RP","$767,100"
805,Porter Hodge,"CHC, RP","$767,000"
,Kyle Leahy,"STL, RP","$767,000"
807,Jhonkensy Noel,"CLE, 1B","$766,900"
808,Nathan Lukes,"TOR, CF","$766,800"
809,Jonathan Aranda,"TB, DH","$766,500"
810,Bryan King,"HOU, RP","$766,400"
811,Blaze Alexander,"ARI, SS","$766,300"
812,Luken Baker,"LAD, 1B","$766,100"
,D.L. Hall,"MIL, RP","$766,100"
,Cade Povich,"BAL, SP","$766,100"
815,Luisangel Acuna,"NYM, 2B","$766,000"
,Richard Fitts,"BOS, SP","$766,000"
,Emerson Hancock,"SEA, RP","$766,000"
,Brenan Hanifee,"DET, RP","$766,000"
,Ronny Mauricio,"NYM, SS","$766,000"
,Daniel Schneemann,"CLE, SS","$766,000"
821,Jordan Leasure,"CHW, RP","$765,800"
822,Davis Martin,"CHW, SP","$765,450"
823,José Ferrer,"WSH, RP","$765,400"
,Robert Gasser,"MIL, SP","$765,400"
825,Taylor Trammell,"HOU, OF","$765,200"
826,Yoendrys Gomez,"CHW, SP","$765,050"
827,Osvaldo Bido,"ATH, RP","$765,000"
,Hayden Birdsong,"SF, RP","$765,000"
,Spencer Bivens,"SF, RP","$765,000"
,Sean Bouchard,"COL, RF","$765,000"
,Slade Cecconi,"CLE, SP","$765,000"
,Brenton Doyle,"COL, CF/OF","$765,000"
,Zack Gelof,"ATH, 2B","$765,000"
,Hunter Goodman,"COL, RF","$765,000"
,Luis Medina,"ATH, SP","$765,000"
,Mason Miller,"SD, RP/CL","$765,000"
,Connor Norby,"MIA, 3B","$765,000"
,Landen Roupp,"SF, SP","$765,000"
,Max Schuemann,"ATH, SS","$765,000"
,Tyler Soderstrom,"ATH, 1B","$765,000"
,Mitch Spence,"ATH, RP","$765,000"
,Carson Spiers,"CIN, SP","$765,000"
,Michael Toglia,"COL, 1B","$765,000"
,Victor Vodnik,"COL, RP","$765,000"
845,Ryan Kreidler,"PIT, SS","$764,900"
846,Jackson Holliday,"BAL, 2B","$764,800"
847,Drew Thorpe,"CHW, SP","$764,750"
848,Erik Sabrowski,"CLE, RP","$764,700"
849,James Wood,"WSH, LF","$764,600"
850,Alek Jacob,"SD, RP","$764,500"
,Christian Scott,"NYM, SP","$764,500"
852,Brooks Lee,"MIN, 3B","$764,450"
853,DJ Herz,"WSH, SP","$764,200"
854,Chris Roycroft,"STL, RP","$764,150"
,Victor Scott II,"STL, CF","$764,150"
856,Junior Caminero,"TB, 3B","$764,100"
857,Heston Kjerstad,"BAL, OF","$764,000"
,Tyler Phillips,"MIA, RP","$764,000"
,Trey Sweeney,"DET, SS","$764,000"
,Weston Wilson,"PHI, 1B","$764,000"
861,Oliver Dunn,"MIL, 3B","$763,700"
862,Sawyer Gipson-Long,"DET, SP","$763,600"
863,Carlos Narvaez,"BOS, C","$763,500"
,Zach Penrod,"LAD, RP","$763,500"
865,Mason Englert,"TB, RP","$763,400"
866,Fraser Ellard,"CHW, RP","$763,375"
867,Clayton Beeter,"WSH, RP","$763,325"
868,Zach Dezenzo,"HOU, SS","$763,200"
,Kyle Manzardo,"CLE, DH","$763,200"
870,Brent Headrick,"NYY, RP","$763,125"
871,Sean Reynolds,"SD, RP","$763,100"
872,Jackson Kowar,"SEA, RP","$763,000"
,Will Wagner,"SD, DH","$763,000"
874,Anthony Veneziano,"STL, RP","$762,925"
875,Joey Cantillo,"CLE, SP","$762,800"
876,Hunter Bigge,"TB, RP","$762,700"
,Blake Walston,"ARI, RP","$762,700"
878,Brooks Baldwin,"CHW, SS","$762,625"
,Prelander Berroa,"CHW, RP","$762,625"
,Bryan Ramos,"CHW, 3B","$762,625"
881,Dillon Dingler,"DET, C","$762,600"
882,Lake Bachar,"MIA, RP","$762,500"
,Ben Brown,"CHC, SP","$762,500"
,Ben Casparius,"LAD, RP","$762,500"
,Griffin Conine,"MIA, LF","$762,500"
,Edgardo Henriquez,"LAD, RP","$762,500"
,Jack Leiter,"TEX, SP","$762,500"
888,Mickey Gasper,"MIN, 1B","$762,450"
889,José Tena,"WSH, SS","$762,400"
890,Chayce McDermott,"BAL, RP","$762,200"
,Curtis Mead,"CHW, 3B","$762,200"
,Eduardo Salazar,"WSH, RP","$762,200"
,Abner Uribe,"MIL, RP","$762,200"
894,Jacob Amaya,"CHW, SS","$762,125"
895,Ryan Bliss,"SEA, 2B","$762,100"
896,Jordan Beck,"COL, LF","$762,000"
,Bradley Blalock,"COL, RP","$762,000"
,Angel Chivilli,"COL, RP","$762,000"
,Jeff Criswell,"COL, RP","$762,000"
,Seth Halvorsen,"COL, RP","$762,000"
,Chris Murphy,"BOS, RP","$762,000"
,Luis Peralta,"COL, RP","$762,000"
903,Dylan Crews,"WSH, RF","$761,800"
,Mason Montgomery,"TB, RP","$761,800"
905,Troy Taylor,"SEA, RP","$761,700"
906,Julian Aguiar,"CIN, SP","$761,500"
,Blake Dunn,"CIN, OF","$761,500"
,Jacob Hurtubise,"SEA, OF","$761,500"
,Rhett Lowder,"CIN, SP","$761,500"
,Graham Pauley,"MIA, 3B","$761,500"
,Kumar Rocker,"TEX, SP","$761,500"
,Javier Sanoja,"MIA, SS","$761,500"
913,Ty Madden,"DET, SP","$761,400"
914,Luis Contreras,"HOU, RP","$761,300"
915,DaShawn Keirsey,"MIN, OF","$761,250"
916,Carlos Vargas,"SEA, RP","$761,200"
917,Vinny Capra,"CHW, SS","$761,100"
,Isaac Collins,"MIL, OF","$761,100"
919,Jackson Jobe,"DET, SP","$760,900"
,Johnathan Rodriguez,"CLE, OF","$760,900"
921,Ky Bush,"CHW, SP","$760,800"
,Brandon Eisert,"CHW, RP","$760,800"
,Forrest Whitley,"TB, RP","$760,800"
924,Kameron Misner,"TB, CF","$760,700"
925,Marc Church,"TEX, RP","$760,500"
926,Zach Brzykcy,"WSH, RP","$760,400"
,Pedro León,"HOU, OF","$760,400"
928,Sean Burke,"CHW, SP","$760,350"
929,Brandon Lockridge,"MIL, OF","$760,300"
,Orlando Ribalta,"WSH, RP","$760,300"
931,Cade Cavalli,"WSH, SP","$760,200"
932,Mick Abel,"MIN, SP","$760,000"
,Philip Abner,"ARI, RP","$760,000"
,Max Acosta,"MIA, SS","$760,000"
,Jordyn Adams,"BAL, OF","$760,000"
,Travis Adams,"MIN, RP","$760,000"
,Ty Adcock,"NYM, RP","$760,000"
,Zach Agnos,"COL, RP","$760,000"
,Kevin Alcantara,"CHC, OF","$760,000"
,Sergio Alcantara,"ARI, SS","$760,000"
,Samuel Aldegheri,"LAA, SP","$760,000"
,C.J. Alexander,"LAD, 3B","$760,000"
,Jason Alexander,"HOU, RP","$760,000"
,Tyler Alexander,"CHW, RP","$760,000"
,Jorge Alfaro,"WSH, C","$760,000"
,Greg Allen,"BAL, OF","$760,000"
,Elvis Alvarado,"ATH, RP","$760,000"
,Andrew Alvarez,"WSH, SP","$760,000"
,Adael Amador,"COL, SS","$760,000"
,Shaun Anderson,"LAA, RP","$760,000"
,Roman Anthony,"BOS, RF","$760,000"
,Orlando Arcia,"COL, SS","$760,000"
,Luarbert Arias,"MIA, RP","$760,000"
,Braxton Ashcraft,"PIT, RP","$760,000"
,Drew Avans,"MIL, OF","$760,000"
,Luinder Avila,"KC, RP","$760,000"
,Jose Azocar,"ATL, OF","$760,000"
,Kyle Backhus,"ARI, RP","$760,000"
,Darren Baker,"WSH, 2B","$760,000"
,Drake Baldwin,"ATL, C","$760,000"
,Moisés Ballesteros,"CHC, C","$760,000"
,Will Banfield,"CIN, C","$760,000"
,David Banuelos,"BAL, C","$760,000"
,Hunter Barco,"PIT, SP","$760,000"
,Addison Barger,"TOR, SS","$760,000"
,Mason Barnett,"ATH, SP","$760,000"
,Jorge Barrosa,"ARI, OF","$760,000"
,Osleivis Basabe,"SF, SS","$760,000"
,Samuel Basallo,"BAL, C","$760,000"
,Brady Basso,"ATH, RP","$760,000"
,Angel Bastardo,"TOR, P","$760,000"
,Dylan Beavers,"BAL, RF","$760,000"
,Tristan Beck,"SF, RP","$760,000"
,Sam Benschoter,"CIN, RP","$760,000"
,Will Benson,"CIN, RF","$760,000"
,Ryan Bergert,"KC, SP","$760,000"
,Warming Bernabel,"COL, SS","$760,000"
,Steward Berroa,"MIL, OF","$760,000"
,Mason Black,"SF, SP","$760,000"
,Tyler Black,"MIL, 2B","$760,000"
,Paul Blackburn,"NYY, RP","$760,000"
,A.J. Blubaugh,"HOU, SP","$760,000"
,Ryan Borucki,"TOR, RP","$760,000"
,Caleb Boushley,"TB, RP","$760,000"
,Ben Bowden,"ATH, RP","$760,000"
,Jonathan Bowlan,"KC, RP","$760,000"
,Joe Boyle,"TB, SP","$760,000"
,Rob Brantly,"MIA, C","$760,000"
,John Brebbia,"ATL, RP","$760,000"
,Will Brennan,"CLE, RF","$760,000"
,Connor Brogdon,"LAA, RP","$760,000"
,Trenton Brooks,"SD, 1B","$760,000"
,McCade Brown,"COL, SP","$760,000"
,JT Brubaker,"SF, RP","$760,000"
,Justin Bruihl,"TOR, RP","$760,000"
,Walker Buehler,"PHI, SP/SP1","$760,000"
,Juan Burgos,"ARI, RP","$760,000"
,Chase Burns,"CIN, RP","$760,000"
,Michael Burrows,"PIT, SP","$760,000"
,Genesis Cabrera,"MIN, RP","$760,000"
,Jac Caglianone,"KC, 1B","$760,000"
,Owen Caissie,"CHC, OF","$760,000"
,Tyler Callihan,"CIN, 2B","$760,000"
,Daz Cameron,"MIL, LF","$760,000"
,Noah Cameron,"KC, SP","$760,000"
,Isaiah Campbell,"BOS, RP","$760,000"
,Gustavo Campero,"LAA, OF","$760,000"
,Alexander Canario,"PIT, OF","$760,000"
,Dominic Canzone,"SEA, RF","$760,000"
,Alex Carrillo,"NYM, RP","$760,000"
,Evan Carter,"TEX, CF","$760,000"
,Blas Castano,"SEA, SP","$760,000"
,Jose Castillo,"BAL, RP","$760,000"
,Luis Castillo,"BAL, SP","$760,000"
,Bubba Chandler,"PIT, SP","$760,000"
,Tsung-Che Cheng,"PIT, SS","$760,000"
,Nathan Church,"STL, OF","$760,000"
,Denzel Clarke,"ATH, CF","$760,000"
,Jonatan Clase,"TOR, OF","$760,000"
,Zach Cole Jr.,"HOU, OF","$760,000"
,Roansy Contreras,"COL, RP","$760,000"
,Billy Cook,"PIT, OF","$760,000"
,Jose Corniell,"TEX, SP","$760,000"
,Kenedy Corona,"HOU, OF","$760,000"
,Carlos Cortes,"ATH, 2B","$760,000"
,Tom Cosgrove,"CHC, RP","$760,000"
,Austin Cox,"ATL, RP","$760,000"
,Blaine Crim,"COL, 1B","$760,000"
,Nabil Crismatt,"ARI, SP","$760,000"
,Jimmy Crooks III,"STL, C","$760,000"
,Omar Cruz,"SD, RP","$760,000"
,Steven Cruz,"KC, RP","$760,000"
,Xzavion Curry,"MIA, RP","$760,000"
,Luis Curvelo,"TEX, RP","$760,000"
,Ryan Cusick,"PHI, SP","$760,000"
,Caden Dana,"LAA, SP","$760,000"
,Davis Daniel,"ATL, RP","$760,000"
,Dugan Darnell,"COL, RP","$760,000"
,Michael Darrell-Hicks,"PIT, RP","$760,000"
,Logan Davidson,"LAA, 1B","$760,000"
,Henry Davis,"PIT, C","$760,000"
,Noah Davis,"MIN, RP","$760,000"
,Jose De Leon,"BOS, RP","$760,000"
,Enyel De Los Santos,"HOU, RP","$760,000"
,Yerry De Los Santos,"NYY, RP","$760,000"
,Justin Dean,"LAD, OF","$760,000"
,Adrian Del Castillo,"ARI, C","$760,000"
,Cam Devanney,"PIT, SS","$760,000"
,Jhonathan Diaz,"SEA, RP","$760,000"
,Yilber Diaz,"ARI, RP","$760,000"
,Hunter Dobbins,"BOS, SP","$760,000"
,Dylan Dodd,"ATL, RP","$760,000"
,Chase Dollander,"COL, SP","$760,000"
,Jack Dreyer,"LAD, RP","$760,000"
,Carlos Duran,"ATH, RP","$760,000"
,Caleb Durbin,"MIL, SS","$760,000"
,Connelly Early,"BOS, SP","$760,000"
,Nate Eaton,"BOS, LF","$760,000"
,Jake Eder,"WSH, SP","$760,000"
,C.J. Edwards,"TEX, RP/SU7","$760,000"
,Bryce Eldridge,"SF, 1B","$760,000"
,Tim Elko,"CHW, 1B","$760,000"
,Tristin English,"ARI, OF","$760,000"
,Dietrich Enns,"BAL, RP","$760,000"
,Nic Enright,"CLE, RP","$760,000"
,J.C. Escarra,"NYY, C","$760,000"
,José Espada,"BAL, RP","$760,000"
,Joey Estes,"ATH, SP","$760,000"
,Lazaro Estrada,"TOR, RP","$760,000"
,Logan Evans,"SEA, SP","$760,000"
,Stuart Fairchild,"TB, OF","$760,000"
,Mitch Farris,"LAA, SP","$760,000"
,Erick Fedde,"MIL, RP","$760,000"
,Hunter Feduccia,"TB, C","$760,000"
,Tyler Ferguson,"ATH, RP","$760,000"
,Jose Fermin,"STL, 2B","$760,000"
,Jose Fermin,"LAA, RP","$760,000"
,Yanquiel Fernandez,"COL, OF","$760,000"
,Julian Fernández,"WSH, RP","$760,000"
,David Festa,"MIN, SP","$760,000"
,Matt Festa,"CLE, RP","$760,000"
,J.P. Feyereisen,"LAD, RP","$760,000"
,Braydon Fisher,"TOR, RP","$760,000"
,Ryan Fitzgerald,"MIN, SS","$760,000"
,Dominic Fletcher,"CHW, OF","$760,000"
,Rafael Flores,"PIT, C","$760,000"
,Mason Fluharty,"TOR, RP","$760,000"
,Harry Ford,"SEA, C","$760,000"
,Justin Foscue,"TEX, 2B","$760,000"
,Nick Frasso,"LAD, SP","$760,000"
,Alex Freeland,"LAD, SS","$760,000"
,Caleb Freeman,"CHW, RP","$760,000"
,Cody Freeman,"TEX, 3B","$760,000"
,Didier Fuentes,"ATL, SS","$760,000"
,Braxton Fulford,"COL, C","$760,000"
,Carson Fulmer,"LAA, RP","$760,000"
,Kody Funderburk,"MIN, RP","$760,000"
,Matt Gage,"SF, RP","$760,000"
,Aramis Garcia,"ARI, C","$760,000"
,Brandyn Garcia,"ARI, RP","$760,000"
,Jhostynxon Garcia,"BOS, OF","$760,000"
,Luis Garcia,"LAA, RP/SU8","$760,000"
,Rico Garcia,"BAL, RP","$760,000"
,Justin Garza,"NYM, RP","$760,000"
,Joey Gerber,"TB, P","$760,000"
,Paul Gervase,"LAD, RP","$760,000"
,Cade Gibson,"MIA, RP","$760,000"
,Drew Gilbert,"SF, CF","$760,000"
,Logan Gillaspie,"SD, RP","$760,000"
,J.T. Ginn,"ATH, SP","$760,000"
,Domingo Gonzalez,"SEA, RP","$760,000"
,Wikelman Gonzalez,"CHW, RP","$760,000"
,Colton Gordon,"HOU, RP","$760,000"
,Tanner Gordon,"COL, SP","$760,000"
,Gordon Graceffo,"STL, RP","$760,000"
,Andre Granillo,"STL, RP","$760,000"
,Tristan Gray,"TB, SS","$760,000"
,Vaughn Grissom,"BOS, 2B","$760,000"
,Sean Guenther,"DET, RP","$760,000"
,Luis Guerrero,"BOS, RP","$760,000"
,Ryan Gusto,"MIA, RP","$760,000"
,Denzer Guzman,"LAA, SS","$760,000"
,Petey Halpin,"CLE, OF","$760,000"
,Dominic Hamel,"TEX, RP","$760,000"
,Maverick Handley,"BAL, C","$760,000"
,Thomas Harrington,"PIT, SP","$760,000"
,Brett Harris,"ATH, 3B","$760,000"
,Dustin Harris,"TEX, 3B","$760,000"
,Hayden Harris,"ATL, RP","$760,000"
,Kyle Harrison,"BOS, RP","$760,000"
,Geoff Hartlieb,"DET, RP","$760,000"
,Robert Hassell,"WSH, OF","$760,000"
,Thomas Hatch,"MIN, RP","$760,000"
,Andrew Heaney,"LAD, SP/SP4","$760,000"
,Michael Helman,"TEX, 2B","$760,000"
,Logan Henderson,"MIL, SP","$760,000"
,Cole Henry,"WSH, RP","$760,000"
,Tommy Henry,"ARI, SP","$760,000"
,Kevin Herget,"NYM, RP","$760,000"
,Darell Hernaiz,"ATH, SS","$760,000"
,Heriberto Hernandez,"MIA, C","$760,000"
,Nick Hernandez,"HOU, RP","$760,000"
,Brewer Hicklen,"PHI, OF","$760,000"
,Liam Hicks,"MIA, C","$760,000"
,Jaden Hill,"COL, RP","$760,000"
,Rece Hinds,"CIN, RF","$760,000"
,Yaramil Hiraldo,"BAL, RP","$760,000"
,Keston Hiura,"COL, 2B","$760,000"
,Sean Hjelle,"SF, RP","$760,000"
,Andrew Hoffman,"ARI, RP","$760,000"
,Nolan Hoffman,"PHI, P","$760,000"
,Gunnar Hoglund,"ATH, SP","$760,000"
,Gavin Hollowell,"CHC, RP","$760,000"
,Grant Holman,"ATH, RP","$760,000"
,Bailey Horn,"DET, RP","$760,000"
,Cade Horton,"CHC, SP","$760,000"
,Brady House,"WSH, SS","$760,000"
,Cooper Hummel,"HOU, LF/C","$760,000"
,Blake Hunt,"SEA, C","$760,000"
,Alex Jackson,"BAL, C/OF","$760,000"
,Jeremiah Jackson,"BAL, 2B","$760,000"
,Luke Jackson,"SEA, RP","$760,000"
,Joe Jacques,"SEA, RP","$760,000"
,Drey Jameson,"ARI, RP","$760,000"
,Carter Jensen,"KC, C","$760,000"
,Leonardo Jimenez,"TOR, SS","$760,000"
,Bryce Johnson,"SD, CF","$760,000"
,Daniel Johnson,"BAL, RF","$760,000"
,Ryan Johnson,"LAA, RP","$760,000"
,Seth Johnson,"PHI, RP","$760,000"
,Troy Johnston,"MIA, OF","$760,000"
,Corey Julks,"CHW, CF","$760,000"
,Jace Jung,"DET, 3B","$760,000"
,Janson Junk,"MIA, SP","$760,000"
,Connor Kaiser,"ARI, SS","$760,000"
,Kyle Karros,"COL, 3B","$760,000"
,Niko Kavadas,"LAA, 1B","$760,000"
,C.J. Kayfus,"CLE, 1B","$760,000"
,Luke Keaschall,"MIN, 2B","$760,000"
,Casey Kelly,"ARI, RP","$760,000"
,Michael Kelly,"ATH, RP","$760,000"
,Otto Kemp,"PHI, 3B","$760,000"
,Buddy Kennedy,"LAD, 2B","$760,000"
,Zak Kent,"CLE, RP","$760,000"
,Carter Kieboom,"LAA, 3B","$760,000"
,Craig Kimbrel,"HOU, RP/CL","$760,000"
,Will Klein,"LAD, RP","$760,000"
,Landon Knack,"LAD, SP","$760,000"
,Stephen Kolek,"KC, SP","$760,000"
,Christian Koss,"SF, SS","$760,000"
,Matt Krook,"CLE, RP","$760,000"
,Nick Kurtz,"ATH, 1B","$760,000"
,Joe La Sorsa,"CIN, RP","$760,000"
,Rafael Lantigua,"PHI, 2B","$760,000"
,Sauryn Lao,"WSH, RP","$760,000"
,Andry Lara,"WSH, RP","$760,000"
,Jhancarlos Lara,"ATL, SP","$760,000"
,Jacob Latz,"TEX, SP","$760,000"
,Nathan Lavender,"TB, P","$760,000"
,Cody Laweryson,"MIN, RP","$760,000"
,Jordan Lawlar,"ARI, SS","$760,000"
,Casey Lawrence,"SEA, RP","$760,000"
,Max Lazar,"PHI, RP","$760,000"
,Chase Lee,"DET, RP","$760,000"
,Casey Legumina,"SEA, RP","$760,000"
,Daylen Lile,"WSH, OF","$760,000"
,Trey Lipscomb,"WSH, 3B","$760,000"
,Jack Little,"PIT, RP","$760,000"
,Luke Little,"CHC, RP","$760,000"
,Tyler Locklear,"ARI, 1B","$760,000"
,Nick Loftin,"KC, SS","$760,000"
,Joey Loperfido,"TOR, OF","$760,000"
,Jacob Lopez,"ATH, SP","$760,000"
,Brad Lord,"WSH, SP","$760,000"
,Ryan Loutos,"WSH, RP","$760,000"
,Nathaniel Lowe,"BOS, 1B","$760,000"
,Marco Luciano,"SF, SS","$760,000"
,Matthew Lugo,"LAA, SS","$760,000"
,Willie MacIver,"ATH, C","$760,000"
,Vimael Machin,"BAL, 2B","$760,000"
,Anthony Maldonado,"ATH, RP","$760,000"
,Jake Mangum,"TB, CF","$760,000"
,Matt Manning,"PHI, SP","$760,000"
,Ron Marinaccio,"SD, RP","$760,000"
,Jakob Marsee,"MIA, OF","$760,000"
,Noelvi Marte,"CIN, 3B","$760,000"
,Austin Martin,"MIN, SS","$760,000"
,Corbin Martin,"BAL, RP","$760,000"
,Angel Martinez,"CLE, CF","$760,000"
,Seth Martinez,"MIA, RP","$760,000"
,Brice Matthews,"HOU, SS","$760,000"
,Zebby Matthews,"MIN, SP","$760,000"
,Isaac Mattson,"PIT, RP","$760,000"
,Zach Maxwell,"CIN, RP","$760,000"
,Marcelo Mayer,"BOS, 3B","$760,000"
,Coby Mayo,"BAL, 3B","$760,000"
,Adam Mazur,"MIA, SP","$760,000"
,Mason McCoy,"SD, SS","$760,000"
,Grant McCray,"SF, CF","$760,000"
,Carson McCusker,"MIN, OF","$760,000"
,Garrett McDaniels,"LAD, RP","$760,000"
,Trevor McDonald,"SF, SP","$760,000"
,Easton McGee,"MIL, RP","$760,000"
,Scott McGough,"ATH, RP","$760,000"
,Michael McGreevy,"STL, SP","$760,000"
,Nolan McLean,"NYM, SP","$760,000"
,Wade Meckler,"SF, OF","$760,000"
,Victor Mederos,"LAA, RP","$760,000"
,Chase Meidroth,"CHW, SS","$760,000"
,Juan Mejia,"COL, RP","$760,000"
,Jacob Melton,"HOU, CF","$760,000"
,Troy Melton,"DET, RP","$760,000"
,Cristian Mena,"ARI, RP","$760,000"
,Michael Mercado,"PHI, RP","$760,000"
,Victor Mesa Jr.,"MIA, OF","$760,000"
,Parker Messick,"CLE, SP","$760,000"
,Luis Mey,"CIN, RP","$760,000"
,Drew Millas,"WSH, C","$760,000"
,Bobby Miller,"LAD, SP","$760,000"
,Owen Miller,"COL, SS","$760,000"
,Anthony Misiewicz,"MIN, RP","$760,000"
,Jacob Misiorowski,"MIL, SP","$760,000"
,Anthony Molina,"COL, RP","$760,000"
,Andruw Monasterio,"MIL, SS","$760,000"
,Keider Montero,"DET, SP","$760,000"
,Coco Montes,"TB, SS","$760,000"
,Christian Montes De Oca,"ARI, RP","$760,000"
,Pat Monteverde,"MIA, RP","$760,000"
,Colson Montgomery,"CHW, SS","$760,000"
,Christian Moore,"LAA, 2B","$760,000"
,Dylan Moore,"TEX, 2B","$760,000"
,Luis Morales,"ATH, SP","$760,000"
,David Morgan,"SD, RP","$760,000"
,Juan Morillo,"ARI, RP","$760,000"
,Charlie Morton,"ATL, SP/SP3","$760,000"
,Jovani Morán,"BOS, RP","$760,000"
,Max Muncy,"ATH, 3B","$760,000"
,Roddery Munoz,"STL, RF","$760,000"
,Noah Murdock,"KC, RP","$760,000"
,Jayden Murray,"HOU, RP","$760,000"
,Rolddy Muñoz,"ATL, RP","$760,000"
,Tommy Nance,"TOR, RP","$760,000"
,Brian Navarreto,"MIA, C","$760,000"
,Kyle Nicolas,"PIT, RP","$760,000"
,Tomás Nido,"DET, C","$760,000"
,Doug Nikhazy,"CLE, SP","$760,000"
,Ryan Noda,"BAL, 1B","$760,000"
,Austin Nola,"COL, C","$760,000"
,Dedniel Nunez,"NYM, RP","$760,000"
,Dom Nunez,"CLE, C","$760,000"
,Eduarniel Nunez,"ATH, RP","$760,000"
,Nasim Nunez,"WSH, SS","$760,000"
,Riley O'Brien,"STL, RP","$760,000"
,Pierson Ohl,"MIN, RP","$760,000"
,Jonathan Ornelas,"ATL, SS","$760,000"
,Tirso Ornelas,"SD, OF","$760,000"
,Eric Orze,"TB, RP","$760,000"
,Alejandro Osuna,"TEX, OF","$760,000"
,Michel Otanez,"ATH, RP","$760,000"
,Joshua Palacios,"CHW, CF","$760,000"
,Daniel Palencia,"CHC, RP","$760,000"
,Jake Palisch,"CHW, RP","$760,000"
,Carson Palmquist,"COL, RP","$760,000"
,Chad Patrick,"MIL, RP","$760,000"
,Joel Peguero,"SF, RP","$760,000"
,Liover Peguero,"PIT, SS","$760,000"
,Sammy Peralta,"LAA, RP","$760,000"
,Jhonny Pereda,"MIN, C","$760,000"
,Everson Pereira,"TB, OF","$760,000"
,Jack Perkins,"ATH, RP","$760,000"
,Tristan Peters,"TB, OF","$760,000"
,Michael Petersen,"MIA, RP","$760,000"
,Chase Petty,"CIN, SP","$760,000"
,Connor Phillips,"CIN, RP","$760,000"
,Konnor Pilkington,"WSH, RP","$760,000"
,Robinson Pina,"TOR, RP","$760,000"
,Jonathan Pintaro,"NYM, RP","$760,000"
,Austin Pope,"ARI, RP","$760,000"
,Logan Porter,"SF, C","$760,000"
,P.J. Poulin,"WSH, RP","$760,000"
,Yohel Pozo,"STL, C","$760,000"
,Quinn Priester,"MIL, SP","$760,000"
,César Prieto,"STL, 2B","$760,000"
,Edgar Quero,"CHW, C","$760,000"
,Carson Ragsdale,"BAL, SP","$760,000"
,Agustin Ramirez,"MIA, C","$760,000"
,Erasmo Ramirez,"MIN, RP","$760,000"
,Yohan Ramirez,"PIT, RP","$760,000"
,Alan Rangel,"PHI, SP","$760,000"
,Nick Raquet,"STL, RP","$760,000"
,Taylor Rashi,"ARI, RP","$760,000"
,John Rave,"KC, CF","$760,000"
,Lyon Richardson,"CIN, RP","$760,000"
,Ryan Ritter,"COL, SS","$760,000"
,Leonardo Rivas,"SEA, 2B","$760,000"
,Sebastian Rivero,"LAA, C","$760,000"
,Christian Roa,"MIA, SP","$760,000"
,Daniel Robert,"PHI, RP","$760,000"
,Ethan Roberts,"CHC, RP","$760,000"
,Will Robertson,"CHW, LF","$760,000"
,Chuckie Robinson,"ATL, C","$760,000"
,Joe Rock,"TB, SP","$760,000"
,Alan Roden,"MIN, RF","$760,000"
,Bradgley Rodriguez,"SD, RP","$760,000"
,Carlos D. Rodriguez,"ATL, OF","$760,000"
,Carlos F. Rodriguez,"MIL, RP","$760,000"
,Jesus Rodriguez,"SF, C","$760,000"
,Ryan Rolison,"COL, RP","$760,000"
,Drew Romo,"COL, C","$760,000"
,John Rooney,"HOU, RP","$760,000"
,Eddie Rosario,"ATL, LF","$760,000"
,Eguy Rosario,"SD, SS","$760,000"
,Dylan Ross,"NYM, P","$760,000"
,Houston Roth,"BAL, RP","$760,000"
,Esteury Ruiz,"LAD, CF","$760,000"
,Dalton Rushing,"LAD, C","$760,000"
,Jackson Rutledge,"WSH, RP","$760,000"
,Andrew Saalfrank,"ARI, RP","$760,000"
,Blake Sabol,"CHW, C/RF","$760,000"
,Thomas Saggese,"STL, SS","$760,000"
,César Salazar,"HOU, C","$760,000"
,Ali Sanchez,"BOS, C","$760,000"
,Cam Sanders,"PIT, RP","$760,000"
,Jayvien Sandridge,"NYY, RP","$760,000"
,Reiver Sanmartin,"CIN, RP","$760,000"
,Carlos Santana,"CHC, 1B/DH","$760,000"
,Roki Sasaki,"LAD, SP","$760,000"
,Cam Schlittler,"NYY, SP","$760,000"
,Paxton Schultz,"TOR, RP","$760,000"
,Aaron Schunk,"COL, 3B","$760,000"
,Tayler Scott,"HOU, RP","$760,000"
,Connor Seabold,"ATL, RP","$760,000"
,Anthony Seigler,"MIL, C","$760,000"
,Colin Selby,"BAL, RP","$760,000"
,Hayden Senger,"NYM, C","$760,000"
,Bobby Seymour,"TB, 1B","$760,000"
,Carson Seymour,"SF, RP","$760,000"
,Ian Seymour,"TB, RP","$760,000"
,Matt Shaw,"CHC, 3B","$760,000"
,Zack Short,"HOU, 2B","$760,000"
,Chase Shugart,"PIT, RP","$760,000"
,Chase Silseth,"LAA, RP","$760,000"
,Ronny Simon,"PIT, 2B","$760,000"
,Chandler Simpson,"TB, 2B","$760,000"
,Josh Simpson,"MIA, RP","$760,000"
,Evan Sisk,"PIT, RP","$760,000"
,Cam Smith,"HOU, RF","$760,000"
,Dylan Smith,"DET, RP","$760,000"
,Shane Smith,"CHW, SP","$760,000"
,Nick Sogard,"BOS, 2B","$760,000"
,Donovan Solano,"TEX, 2B/SS","$760,000"
,Drew Sommers,"DET, RP","$760,000"
,Bennett Sousa,"HOU, RP","$760,000"
,Brandon Sproat,"NYM, SP","$760,000"
,Jacob Stallings,"BAL, C","$760,000"
,Justin Sterner,"ATH, RP","$760,000"
,Chad Stevens,"LAA, SS","$760,000"
,Sal Stewart,"CIN, 3B","$760,000"
,Robert Stock,"BOS, RP","$760,000"
,Chris Stratton,"LAD, RP","$760,000"
,Hunter Stratton,"ATL, RP","$760,000"
,Kade Strowd,"BAL, RP","$760,000"
,C.J. Stubbs,"WSH, C","$760,000"
,Wander Suero,"NYM, RP","$760,000"
,Brett Sullivan,"PIT, C","$760,000"
,Matt Svanson,"STL, RP","$760,000"
,Devin Sweet,"PHI, RP","$760,000"
,Freddy Tarnok,"MIA, SP","$760,000"
,Tim Tawa,"ARI, 2B","$760,000"
,Chris Taylor,"LAA, 3B/SS/OF","$760,000"
,Grant Taylor,"CHW, RP","$760,000"
,Samad Taylor,"SEA, SS","$760,000"
,Kyle Teel,"CHW, C","$760,000"
,Kai-Wei Teng,"SF, SP","$760,000"
,Bryce Teodosio,"LAA, CF","$760,000"
,Colby Thomas,"ATH, RF","$760,000"
,Connor Thomas,"MIL, RP","$760,000"
,Rhylan Thomas,"SEA, OF","$760,000"
,Blade Tidwell,"SF, SP","$760,000"
,Tyler Tolbert,"KC, SS","$760,000"
,Payton Tolle,"BOS, SP","$760,000"
,Jonah Tong,"NYM, SP","$760,000"
,Touki Toussaint,"LAA, RP","$760,000"
,Lou Trivino,"PHI, RP","$760,000"
,Chadwick Tromp,"BAL, C","$760,000"
,José Ureña,"LAA, RP","$760,000"
,George Valera,"CLE, RF","$760,000"
,Brian Van Belle,"TB, RP","$760,000"
,Logan VanWey,"HOU, RP","$760,000"
,Mike Vasil,"CHW, RP","$760,000"
,Terrin Vavra,"BAL, 2B","$760,000"
,Luis Vazquez,"BAL, SS","$760,000"
,Zac Veen,"COL, LF","$760,000"
,Vince Velasquez,"CLE, RP","$760,000"
,Ryan Vilade,"CIN, LF","$760,000"
,David Villar,"SF, 3B","$760,000"
,Jorbit Vivas,"NYY, SS","$760,000"
,Jack WInkler,"MIA, SS","$760,000"
,Brandon Waddell,"NYM, RP","$760,000"
,Hurston Waldrep,"ATL, SP","$760,000"
,Josh Walker,"BAL, RP","$760,000"
,Chad Wallach,"LAA, C","$760,000"
,Brandon Walter,"HOU, SP","$760,000"
,Andrew Walters,"CLE, RP","$760,000"
,Donnie Walton,"PHI, SS","$760,000"
,Drew Waters,"KC, OF","$760,000"
,Jordan Weems,"HOU, RP","$760,000"
,Carson Whisenhunt,"SF, SP","$760,000"
,Shay Whitcomb,"HOU, SS","$760,000"
,Owen White,"CHW, RP","$760,000"
,Jordan Wicks,"CHC, RP","$760,000"
,Joey Wiemer,"MIA, CF","$760,000"
,Cole Wilcox,"TB, RP","$760,000"
,Nathan Wiles,"ATL, RP","$760,000"
,Carson Williams,"TB, SS","$760,000"
,Luke Williams,"ATL, SS","$760,000"
,Ben Williamson,"SEA, 3B","$760,000"
,Jacob Wilson,"ATH, SS","$760,000"
,Will Wilson,"CLE, SS","$760,000"
,Allan Winans,"NYY, RP","$760,000"
,Josh Winckowski,"BOS, RP","$760,000"
,Cole Winn,"TEX, RP","$760,000"
,Keaton Winn,"SF, RP","$760,000"
,Brett Wisely,"ATL, 2B","$760,000"
,Grant Wolfram,"BAL, RP","$760,000"
,Jake Woodford,"ARI, RP","$760,000"
,Gage Workman,"DET, 3B","$760,000"
,Randy Wynne,"CIN, RP","$760,000"
,Trey Yesavage,"TOR, SP","$760,000"
,Craig Yoho,"MIL, RP","$760,000"
,Nick Yorke,"PIT, 2B","$760,000"
,Brandon Young,"BAL, SP","$760,000"
,Cole Young,"SEA, SS","$760,000"
,Rob Zastryzny,"MIL, RP","$760,000"
,Bruce Zimmermann,"MIL, SP/SP2","$760,000"
,Tyler Zuber,"MIA, RP","$760,000"
,Yosver Zulueta,"CIN, RP","$760,000"
,Brett de Geus,"PHI, RP","$760,000"
1479,Garrett Acton,"TB, RP","$757,500"
1480,Braden Shewmake,"NYY, SS","$186,000"
1481,Michael Arias,"NYY, RP","$123,900"
,Jake Bloss,"TOR, SP","$123,900"
,Yoniel Curet,"TB, SP","$123,900"
,Daniel Espino,"CLE, SP","$123,900"
,Adam Macko,"TOR, SP","$123,900"
,Emmanuel Rodriguez,"MIN, CF","$123,900"
1487,Nick Robertson,"HOU, RP","$81,268"
1488,Juan Yepez,"WSH, 3B","$81,000"
1489,Jean Cabrera,"PHI, SP","$62,000"
,Eric Cerantola,"KC, RP","$62,000"
,Moises Chace,"PHI, SP","$62,000"
,Deyvison De Los Santos,"MIA, 3B","$62,000"
,Daxton Fulton,"MIA, SP","$62,000"
,Tink Hence,"STL, SP","$62,000"
,Matt Koperniak,"STL, 3B","$62,000"
,Tyler Mattison,"DET, RP","$62,000"
,Jeferson Quero,"MIL, C","$62,000"
,Marco Raya,"MIN, SP","$62,000"
,Winston Santos,"TEX, SP","$62,000"
,Jared Serna,"MIA, 2B","$62,000"
,Emiliano Teodo,"TEX, SP","$62,000"
1502,Tyler Gentry,"KC, OF","$41,333"
1503,Gus Varland,"ARI, RP","$32,640"
1504,Evan Justice,"COL, RP","$18,652"
